/*
Navicat MySQL Data Transfer

Source Server         : localhost
Source Server Version : 50553
Source Host           : localhost:3306
Source Database       : xcx

Target Server Type    : MYSQL
Target Server Version : 50553
File Encoding         : 65001

Date: 2018-07-11 14:10:12
*/

SET FOREIGN_KEY_CHECKS=0;

-- ----------------------------
-- Table structure for xcx_access_token
-- ----------------------------
DROP TABLE IF EXISTS `xcx_access_token`;
CREATE TABLE `xcx_access_token` (
  `id` int(11) unsigned NOT NULL AUTO_INCREMENT,
  `access_token` varchar(550) NOT NULL DEFAULT '' COMMENT 'access_token',
  `out_time` varchar(11) NOT NULL DEFAULT '' COMMENT 'access_token过期时间',
  `create_time` varchar(11) NOT NULL DEFAULT '' COMMENT '第一次发送模板消息时间',
  `flag` tinyint(1) unsigned NOT NULL DEFAULT '0' COMMENT '默认为0；0：小程序的access_token；1：微信公众号的access_token',
  `ticket` varchar(255) NOT NULL DEFAULT '' COMMENT 'ticket',
  PRIMARY KEY (`id`)
) ENGINE=MyISAM AUTO_INCREMENT=277 DEFAULT CHARSET=utf8;

-- ----------------------------
-- Records of xcx_access_token
-- ----------------------------
INSERT INTO `xcx_access_token` VALUES ('81', '8_IOA-IDpMoPHtiWopUysLFFHWT0I4EsZzy4wzOZnISZiE0K74dFanApwTiBju3xV96Y4hVj6Z9pIb6a7geTrSBdoc_0QCtRI4DhFNPW5AIAAgTMEN4M5BRimvReEmcEG2AlVsUpsFlikC9rluKMHgAEAXZU', '1524111785', '1524104635', '0', '');
INSERT INTO `xcx_access_token` VALUES ('82', '8_r7OSKiqIiowilGXjQyI1evMQeb8mQiQJ_eJWs3-FK4hgzXaB1-SG4I4guolil2KTMPx-dk6uopvJbDvB9VP9sC1w5UzFczB0xKiN6kKyYcD4JQ3-phVeg8M--2NxrAgrpcAOPuexDUWzNY7rFPKiAEANXS', '1524111835', '1524104685', '0', '');
INSERT INTO `xcx_access_token` VALUES ('83', '8__6VBHEJg4gtfoJ4IRzrltcPblu6ej3C7SQmnJzTRofqpSONsyul4DgFhzQMXu-jwBsLKV8PBZboN3IqMd-JyEn3Qf_JfBbegOzk4fp-kFulMSzp9fusKD5lgCCueYaooPMNw4JjQ7GpT_2BqZDMfAEAEIR', '1524127795', '1524120645', '1', 'kgt8ON7yVITDhtdwci0qebnTNqcL6Z_c0LxWE2Q6NxmqcVV2MQjSQmd2xCuS8r0Fqpaxe3B3gFpfp_XKvrMmSw');
INSERT INTO `xcx_access_token` VALUES ('84', '8_aHZjb2O718B0MbcXVyBimlWCROD_epcTqSGlM3vbyqRg4KBI9YFRyDP6p475lBH7g19wNrWq18Cucm3TTuvAJsWV5QL-YYmloR2KAdp9MohwkXF4HuiPiduLRTANOTcAJATUZ', '1524137158', '1524130008', '1', 'kgt8ON7yVITDhtdwci0qebnTNqcL6Z_c0LxWE2Q6NxlcTUfhANU4FHzTvhJBPlKLZcGBmV_C2Absngc9ajV20Q');
INSERT INTO `xcx_access_token` VALUES ('85', '8_y0BEd8tk9IdIFHfbjBdvsSsLX-mnsxvJqydjzgi7CPrAlDK0FJNVW4NrUszqUxbkP1R3wyIOwQNhjmvB9WBajQBpC4nTxbJJSxYZrmeh4XHH02s15QHq1cbci7kHb4F-twmV7Rug59mNzzj-WDRjADAIPD', '1524137894', '1524130744', '0', '');
INSERT INTO `xcx_access_token` VALUES ('86', '8_4bZMyp-DyG0LteO_8-DrT935PZaSg0cnk_6elSqUnDWEtPKeqNDGImMMym-IOER657_zHgicZfhyUHi129OGLuYx4Hg_y0SGfb4z30_yEkzMS9jUd90watLgIuepUgPPtQKcSwBj-guoAtOlIHFcAGAPOM', '1524155967', '1524148817', '1', '');
INSERT INTO `xcx_access_token` VALUES ('87', '8_H-_HtTzs0q-n3pcpvEr0PxOPJ1FksCF2s3lsS76FDj8M-h0WDCjxYXwwfYgASHcDddlFhPPQW1yrI-pGUV2fgn881hVKN5ClrqEdk7yTOrdW8cO4AX8xbaP8FSgF4jLZR5SV9d21hEjoq3AKEAOeADAQMA', '1524155967', '1524148817', '0', '');
INSERT INTO `xcx_access_token` VALUES ('88', '8_aq7PVEwEhnxlchh3pNEEPBNH6Zu1sitQN5BQ9dDFfIeRjTFX7kLp70HcC0e9BIy5zE_cuuZz64lW5HBXCZtIr7ReofQb8Zvzj7AadxVcoQpw2QRsP431t2lnt3d8GlHuRTkInuZWSTq_tGNrYSHfAIAUOD', '1524200084', '1524192934', '1', 'kgt8ON7yVITDhtdwci0qebnTNqcL6Z_c0LxWE2Q6NxlRhE3tjKjsCrNGbbtrBMId_1UkkTs37GXa45vw6HnGzg');
INSERT INTO `xcx_access_token` VALUES ('89', '8_G1c-gIoEyJtQcYpDQ1CACp5c049h-Ht_PqukUiU_TK9FmTf7KQaBjzmmpqoJ1QI7nFo4ZmXKDMZToOLCZhy031SRL9UYy8z4-D74qg0keloR4ZGYFHoyjXqzV8Xloa4w4iSKGNVdjCJ4vm5eEGGaAJAUWW', '1524210167', '1524203017', '1', '');
INSERT INTO `xcx_access_token` VALUES ('90', '8_Un0fPhgeVnZ2wYW6Fk4fCk53ZaWDtyB-kjX-uqQKQQWKAdWDZ8GC4lRFJ4MYg6Nz1xlznAK3TNYwCF_XWtH4lwTCWNfEAluZeCR33ePB9yNgkfIvsJ1LsXKx-GASQIiAEAIGY', '1524220040', '1524212890', '0', '');
INSERT INTO `xcx_access_token` VALUES ('91', '8_2fdk16BkXpCUenCFtbXWZJPS4doo89MEVQuFA08zPC_7n5NUdpa3toS5NgdTdAT850crqNXyuMu_bClixad-CjJMzKZEpIhjo7SjElo-t4gcH7r4a9owL0to8F2adyQuJPSBxMPMjoaQhQgXABOgAIAHIV', '1524220430', '1524213280', '0', '');
INSERT INTO `xcx_access_token` VALUES ('92', '8_VR04MlFrtjRPfeLfLPVsnRL5mgpluuX-Zc3AnA51S3mYv0N81ORN9l8Wh3TbHPoSdwkfNNJvi6240W3_zwTbrJfb730F7P0heJR0P2_oBT6Y_VuOQzRof40sUmRHijrBZPZp6GDSSwiskRi2ARVeAJAEVZ', '1524220568', '1524213418', '0', '');
INSERT INTO `xcx_access_token` VALUES ('93', '8_tutNlV5I2U-MaA1lTwzoW8jhRLR9td64KKyRQbreorsbWU9jhfTmHet_o5UEHk-Zoal274asj7bVxk0ZCovveStP1MMPQkS_FbilYST6SxvB2hrcOSb6ETaLg3jK2fdIWF2kJwc_YpZ4yR4rDPIfAEAYKD', '1524222827', '1524215677', '1', 'kgt8ON7yVITDhtdwci0qebnTNqcL6Z_c0LxWE2Q6NxmtiKgjLCjcZa0_egaGdcdGLlCw3XGJtTl-3KNNfE0iOA');
INSERT INTO `xcx_access_token` VALUES ('94', '8_z17RHmKy9aHqa5sBCPZ19oTUBDcGdebyu0VQzHRs9ACJu9Jvnd68US-XVx6Fl7ELvd7dztGdJwEd4lEn4o2YxzlQg8-mc9pwYrBVFAa04v9Fv38QkHK3WXg3u3cY-nXI2Kg5esIXfxdh23GmSYWdAHALRP', '1524278727', '1524271577', '1', 'kgt8ON7yVITDhtdwci0qebnTNqcL6Z_c0LxWE2Q6Nxko9UzmwnXgLWPXoY0F9LaLjaHpx9MmM3vNo2s2doD-1w');
INSERT INTO `xcx_access_token` VALUES ('95', '8_JzR7kwtcm2ts2PaqRldAKgyQvzSSCRmUZYkrz07teZWDXe8kV_yLiWv-B9Pp5-uOU3CINObyRbLMBc4A55XEH47U63cy6DziyDgmshud123aRcnOm0IGr7v8hiI-4bC0n_ATCgrE6senykavGZOiAGAWPE', '1524298993', '1524291843', '1', 'kgt8ON7yVITDhtdwci0qebnTNqcL6Z_c0LxWE2Q6NxnqWSeR5Pl0CBW4qU_jvRRnKt4FyOc_-jCZnlNmcb06Zw');
INSERT INTO `xcx_access_token` VALUES ('96', '9_7pFYzLTxcSuUfjLExJD594z4htXqALRSrClrLPk6ZaKiYDFxbB7_IVSmikO-zeOjvaNVlLKQIpF9htMKQkn7kWdX4ubeIv9wgLZT7X565AbR-Nj-U10C4cVrARenXYUNkzdTutJjiQ5hlC4wMANfAEABPC', '1524306220', '1524299070', '1', '');
INSERT INTO `xcx_access_token` VALUES ('97', '9_4sVT_68XWjgZTiv1u4OTyLo2q2ET69lgSzG-1JX_Y3IvLXPiUM80RwZH4P9_hz1ZCgjBGADmB-d-N1Zqlqv2QE3Bb2awh-2LVnCYjgAD0JNeepyt-U1d7Mly8Y4OFPeAIAVMW', '1524359152', '1524352002', '1', 'kgt8ON7yVITDhtdwci0qebnTNqcL6Z_c0LxWE2Q6NxmypHQY75rTo1ifVqTtIxycPZPM6X7wiiJu_d25TyyupA');
INSERT INTO `xcx_access_token` VALUES ('98', '9_F0Jsur4amVtaGHIzRsXLdCb6FNrxfcpFXNHtSENXU27fLDRsZhHlwTVlcJLn5-OmbfGPTT66qYaHhla7GLUm4s6xEKb1P1TYVhtwQEiT64bCu1jyP_nDZ3kAotGk3r6uI-WBzLhD_w5Dd6_8XBQjAAAGKZ', '1524376011', '1524368861', '1', 'kgt8ON7yVITDhtdwci0qebnTNqcL6Z_c0LxWE2Q6Nxlr2ChzE4ltuJfmuCgqYvQmkw9h9gfMaW4Be04TyFODWg');
INSERT INTO `xcx_access_token` VALUES ('99', '9_FATTpN1At4uhtz8xSNf6hhbaDBB0LLFJpMWYe80tGAYx7hUtcTrUcgMpROiSAGu5fcex_wi47IMFhS1uzvyNXTfG8JPatsu7cVZQeRmSyXnRHbIUfcqMC2xykiwUNTbAEACVB', '1524449433', '1524442283', '0', '');
INSERT INTO `xcx_access_token` VALUES ('100', '9_dzIr5lJHIkwDQ4KE7m0rEiVeyF6I0-3tlpTXoGWR0cj_Jk72Sd8aeTHIw7kcY97ExY8qEodzqWB6TSweTHgwvhcXxxhhgPlF3OrGv_qERXD2Pt7V8eTar_Iu3kjNYjJCv5XShIJQ-dzqMaNMNJTgAJABXH', '1524454649', '1524447499', '0', '');
INSERT INTO `xcx_access_token` VALUES ('101', '9_g93U4z0dsr2V6kq0UjXDuvWErDZHMu9ROqviU5BgAlVy9qqpTARaJzCDkNFSbsPzE0I1dk3v0C6w29nOvEnLhoh_TkdxDlfyMFjLaDWZdWnOb0W0KiU6pZv9ub-fqr_PuVkneB7ivAmZbUNUFYHdACAATC', '1524455333', '1524448183', '1', '');
INSERT INTO `xcx_access_token` VALUES ('102', '9_pzGzLGmeZE-gRgVIS-Bby15IY-_gVRYJvwWPFoDVAw4MfkA2wyN4Q-4zTzaFd5Qmm3SAydCWwp_7Yzyfxgey4Qwz2R0SOdmF7NOZCtyp823tcnHCZqjozn6kdMjRsLNYvVm-xIF7UCsd-o66FLEjAEALRK', '1524464977', '1524457827', '1', 'kgt8ON7yVITDhtdwci0qebnTNqcL6Z_c0LxWE2Q6NxlkICVWEMJu8UmQxXZ_ixNXIHRxnQU14xKheat4ez2K9A');
INSERT INTO `xcx_access_token` VALUES ('103', '9_X3cZRrqwqI4rfzZg0l7cacCzMS-JuGFpc0mrN78LgHAi_-HwzdC8Mk9-SHN2Ry5gmzT1KeaCUl0e6jIKNcRVnhcRLoPfPvfSq2e35n8gUjZRa0NglbQOpfpOPg6WzatehsQMt-kR5ekJpEXKUOUcAGADXD', '1524466405', '1524459255', '0', '');
INSERT INTO `xcx_access_token` VALUES ('104', '9_6zVRZDG_Kelbp6tRRVZkVrCv6S1ksBlkqmdxL4AoKMzL-b2zmH_g6YKk3xiywApFyiwVnmvgEgcuAz_bJ31bD97TTRiH0vAtuK6scr69xpk_1DYNruoLihQ8oncSFIaADAZMP', '1524484135', '1524476985', '0', '');
INSERT INTO `xcx_access_token` VALUES ('105', '9_mb3ItQpm8_937jxXSQB0KtTwUtG5_4wox4FnVEjCXd8MvhSQ5SatECN7gVIULgyyC6aZed3S8KoZ4DWg51ieOZqSoEXOC13vbzXfgNDQmFB2um_4zFxxPzF7lfn0RuaQyph72xIi08fCbbSQUTNgAEALKE', '1524541846', '1524534696', '0', '');
INSERT INTO `xcx_access_token` VALUES ('106', '9_0wwpK0EAT75kXyAQLFtC9lGWZg4DJnNoHOWO23uo5ISkl90cuymuxIKC9NlMFHwkATjpBNrtsqyNnSueIbLB1_RI_NsJTjELeADj7qRP2xA1rpjPEZMA0k-5l_TkoZu0h5HLyXTpyjhOjsKdRBTeAIAYIA', '1524549081', '1524541931', '1', 'kgt8ON7yVITDhtdwci0qebnTNqcL6Z_c0LxWE2Q6NxkuGfdMru5oHRIs8zjoPjpDv-hbu-1b7tVHlQs6vbDe-Q');
INSERT INTO `xcx_access_token` VALUES ('107', '9_V2plBJtgnCe-k-NiDWLNDrwbsUuAJpsHJtDjKTBrBNGIt5ForNCbUxcAcMvWVjzeb0AeDoRtkckQKKefzayUli08suLO0Fd74wqIDPd1DNNuFHvq4XQu1PNcDxr0laKzoQ1rH4jV_HRjd9FsTIIhADAODD', '1524549588', '1524542438', '0', '');
INSERT INTO `xcx_access_token` VALUES ('108', '9_40rNS7O0qNa5seXD-uz0dN4CtTF55B4wpSGpJ0Fhu7cOr-IjPnzs5C1sQO3fCOgLViEF_kYmkn3gXukyx31vHejVzdz6E6v7JaoP45xZaDthGPfVY6-kZPUT4fMb4-Yp8Lc5MBr793L-2hg1AOKjAJAESO', '1524557021', '1524549871', '1', 'kgt8ON7yVITDhtdwci0qebnTNqcL6Z_c0LxWE2Q6Nxk0-w0VyNLs0T2eftBmLzfs6rCTdQT5ZQXGxfNoKSMKrQ');
INSERT INTO `xcx_access_token` VALUES ('109', '9_TiFKNfksezAnfmIx-XAKXhkKAqaknhPnYmShDxg-V1nc95MZYwdTwzJtKj1KtGFnP0HqESFhZwvyTgk1cpkUaB84VTCBXwsZhJIjRTElY1JrVCLB_ZxH_pTwKW3padff9KlMH2yi3GVeidcvLOCeAHAADR', '1524566184', '1524559034', '0', '');
INSERT INTO `xcx_access_token` VALUES ('110', '9_VyYM4hQIBV53c78taNAHaIxn9viV5gJqjQmdxG-DNd6a9W4AD1ya4Sr7vkLy0Ra00C0czzxlp0iDKuCstC8T86x3BU4Yh3j3bbh0G4Z13E4owYHdM3T-LDXAhUG2HCofQab_dGLSvWOyOYRrCHFiAIAMRP', '1524566442', '1524559292', '1', 'kgt8ON7yVITDhtdwci0qebnTNqcL6Z_c0LxWE2Q6NxnNxMUVvvLyBV7yj613sDzs33DmKItPvtCsoPhUD3L2_A');
INSERT INTO `xcx_access_token` VALUES ('111', '9_FrvTqH0dVbzjzK_SEyFiqtNPzK-pJpoHHI6PsQefPR4bA0kbpdwllH19_PB4Iwkvm-RgXhhzq8TbsgdqhSopqHTTC-t8mQAiYifWDLaFksq_mR72jq0oD9AeHHIPZ_z7iLuB-VLZvHChcGFiLCQhAJAQHV', '1524574980', '1524567830', '1', 'kgt8ON7yVITDhtdwci0qebnTNqcL6Z_c0LxWE2Q6NxnIdWsJ_Kl3i9hVIyFXv4bXUa1m42zjvR1IBEsHyxbadQ');
INSERT INTO `xcx_access_token` VALUES ('112', '9_HfdnIZnG7ST4TOvKVP3nO5vgzSInJ5qZ7Bf7W_MY1MIH1HWvgJbi3oixSbdroUpfys9nZ6VrEROkBJ5APcGRK_gzcX_5dKe8Wsd1X0tij0VkBs0cMdY9O-B1eBbNGXXSQMjzgVPWy_VkGbVXGMJhAEASYV', '1524596358', '1524589208', '1', 'kgt8ON7yVITDhtdwci0qebnTNqcL6Z_c0LxWE2Q6Nxl3rT9ophfy2_eX6IvnuYrDZwLdGeM6EnDkkuSgcvtEpg');
INSERT INTO `xcx_access_token` VALUES ('113', '9_DeqQkTb4FaxVxMebkei4rc4UyMV_GwVOdxQIUgPm1yOGR67z6AF37ddFSjd3a7uX3WSdGVA0Em9K84K2rmhcLtiQvxKvgLvPZU-uvwTHjT5PrPcUM5rc4OU4pkm7iwy44DOdDCKxBCGYhRtzWBNbABAEJV', '1524622130', '1524614980', '1', 'kgt8ON7yVITDhtdwci0qebnTNqcL6Z_c0LxWE2Q6NxnyrYD767LWoK3K37AMzdF5aPaxiEs1PQ5QpS8XfQa-_Q');
INSERT INTO `xcx_access_token` VALUES ('114', '9_xrS8FjC2ZeI8cTCdBYLBH0DeY7KLe27ABb9-LhqoO4GKWLpwQ35Jlo29BKQkFTZ-b4DOP877yiEPfI-nTXLBeqseBhoOddlqA_hbSfuvETpbTKPLkKjB9hXf7xju9uQMP7gFDczLg5F30HuOIGMbAHAVTZ', '1524640598', '1524633448', '1', 'kgt8ON7yVITDhtdwci0qebnTNqcL6Z_c0LxWE2Q6NxnS7FXy_lzURgqpfmH7fyiUcXhoYtwUZC17UiQ4nPs5uA');
INSERT INTO `xcx_access_token` VALUES ('115', '9_Ni_q5rJ_1mQgCNHjVJLxt1pJ1qYNHMPRJdjROXUnjOGZHRJI8Rh0TTw7OgBvCqDIMDPIxA1IqfYkIGon6ArmfFHYvY1mMQronjccr34FPFijBE0AQpMrRAhFT0KwofAafdXHTnaC0dvgk4GKWNNaAAASJJ', '1524650327', '1524643177', '1', '');
INSERT INTO `xcx_access_token` VALUES ('116', '9_YkPbDvDwubhptRtwfR2W0wYgUFL02YGyldMFobPUBLCgfjwQcjQtHpNsrIb6aNdGfsq0xP6rMJ5KmkSUPRjGUkv_qPgeWbz9SEtuGLGTVvk59uGW-hbXqMX0cwEKFYaADANIB', '1524658408', '1524651258', '1', 'kgt8ON7yVITDhtdwci0qebnTNqcL6Z_c0LxWE2Q6Nxl3tRXAcjACJ-3lKB7d7aLoK69s5YpZ0I1m41QQ4F8abg');
INSERT INTO `xcx_access_token` VALUES ('117', '9_MybI7E_nnd84UbYIm6jwkda8uxUCh-YbY_BYwuAYN-mgmXmIRjQVQ1K26pipZ8juqa6HeE8ITVTsab9ay_iCMSwrT00ojzDb-jsDZmwcUnB5166LDpeMUs81jbvq9PAutLtkkYfXOMYi2AHkWLHbADADSO', '1524665876', '1524658726', '0', '');
INSERT INTO `xcx_access_token` VALUES ('118', '9_pRypio2vkHm9YzIc1T8vUWGVjKNEUXRKQn-4ai6eRuSpEorT_nNH2JcjQtQcNhuSGwDnAueJ54lg3yQMuf4qZKF5CIOTJBwq81yieJ8xNCUoWJFP8WKF_3S-tXgGWAaADAYOS', '1524666064', '1524658914', '1', '');
INSERT INTO `xcx_access_token` VALUES ('119', '9_bkacI_v3HLolBXJt7s7-tt4eHQuEq1CTEl5bT0tqFkEE0rRpmI4haLzsL5S7HWBdVERY9lcWwflQYpCnruDrkMi3toSORw0od0nPkfh3XV6gp9RoXEWnqJu-utI6EgXPJLEv-SM564s0A4uUXRScAEARLM', '1524708937', '1524701787', '0', '');
INSERT INTO `xcx_access_token` VALUES ('120', '9_iT_CvOg4MyC-hnHipbq7n9Zo7FTBfpTqqDlS87CGn-PbxPQk0rrWXVWfPBUQIv5rI7N554WR4FtU1z03RGKyX5NbE-O9-B-5B8Qb37RY6lQ1fobzelYtRrVWN-FsQfib0FBNTu-_vSZbE8roJAKiADAARB', '1524713222', '1524706072', '1', 'kgt8ON7yVITDhtdwci0qebnTNqcL6Z_c0LxWE2Q6NxmrEbubOplRvTF6qrgFafE9QjlcdTlL4LNVPg_b4G34-g');
INSERT INTO `xcx_access_token` VALUES ('121', '9_vAWRD6x5cU79VAoHqpEz-gYbNYO2xerhmuYpZ7IakjCEOZfXs5T_yuJm7sCffjOPA5FKFk386CQfEMdpZ1nDd1APvHwgLkNP6bCOUadIWGwMA6-KdbVHmFy7Aom6-taDATdomDAVLzBn5QO7UYDbACAAEJ', '1524722265', '1524715115', '1', 'kgt8ON7yVITDhtdwci0qebnTNqcL6Z_c0LxWE2Q6Nxl8Dq8YERM4MtRVEwT1iLmcpU5RLtYGgudfGggYKp7uHg');
INSERT INTO `xcx_access_token` VALUES ('122', '9_Kj4cidNv8YL1Gbh5m9RIz-8aDaNSe1vSv3Ytt9XhTgJNDi0y3QmU8OGI0LF-2q0ImUNa0vd0omKgzqAYxFF6VZ-IBrDXB246leqWQPclNSPftx3dlxVdkxQusgSo95w-Xg9vYsdjpCPi9AjxEPBaACANYK', '1524730734', '1524723584', '0', '');
INSERT INTO `xcx_access_token` VALUES ('123', '9_u7lUHA-9BnuMXakhYX9vZU_Ipj86c5Q1DR7Fvtk4BZxrmD_Nw3ApD1gLvai7tZGyCyB5Xf-0Iz_1VtjYBtFX_KwxWj4pfwkcwOLdew_0UbPDRpRNqqBbR3Dn1k27zFnfDsMpoAwD7hW51rH2GIXgAFAXZO', '1524733249', '1524726099', '1', 'kgt8ON7yVITDhtdwci0qebnTNqcL6Z_c0LxWE2Q6Nxn3Ifi7G-p9F1g3DEPlbZJQA0VkymQHIDiVnjHuwYOMoQ');
INSERT INTO `xcx_access_token` VALUES ('124', '9_0XrGL8t3Ke6IFHWC28ZphxWIxeDvu9nPyvG28wIIvVzKX111O_i34x__OG6jesrBGXxIFb4iGHm1a5aAwET9GBC-TaVk_Y182f19IBUpKEBxVLLXZ23YWEqdSZQNxRgGSPChEX1ZQyMGoP41NLKbAGAIGF', '1524759607', '1524752457', '1', 'kgt8ON7yVITDhtdwci0qebnTNqcL6Z_c0LxWE2Q6NxnTyTZ0Oow9zynZyMXj_xNC5tpp3QxYGuhWbnweo-716w');
INSERT INTO `xcx_access_token` VALUES ('125', '9_OAiEmzk_Ee1sk3vaKsgndNPZd1S-DgMTwpP_dXxbl-0XfkLX2GcpoavK7Eo7aL6LMW2zGdRJ_Ug2BqdXcrJ-B9hEsRoLmKwqlzlppXDrVXYxmao3eXlKzzOTnc0WIGSiT8cxLV_VrMn9LWjrWUQbAEASQM', '1524833184', '1524826034', '1', 'kgt8ON7yVITDhtdwci0qebnTNqcL6Z_c0LxWE2Q6NxnOYjZWx3ZMA6m09iGGU8-jKAy8e_QOy9z4qQSYnsU_cg');
INSERT INTO `xcx_access_token` VALUES ('126', '9_fogejc_wjKf9pxRqrS4wQNWzKSXn5wWk_iiiM0fV5uArYmWl4jc_0bnT2u-j2B_rv-L7aGC2ZRixYhazN2ZSK70hOvssSn3Ju12pAMcWyjIV8Ti054WmTnj_azEd7ryfmfSmpqDilp4_sH2xHPRfADAMUW', '1524836744', '1524829594', '0', '');
INSERT INTO `xcx_access_token` VALUES ('127', '9_wQfYSD-tckFePj7qm2smWGGaf7lyv3NCdV2rbyn5yLrTMkxY_Q6ZNpxfRx83uWNNFO5-v2Hz2Y3bshdqAJZZOUuOHUeMQnUixgUOJE2MhXMA5ZDW2LJ39mhUYYVR72mHaLwpRH7yESqtUAYnXUQhADASPL', '1524840524', '1524833374', '1', 'kgt8ON7yVITDhtdwci0qebnTNqcL6Z_c0LxWE2Q6Nxkdfei--mqQ4THJ1POxIcaISXJnc3_lk9HwCamVqMfxrA');
INSERT INTO `xcx_access_token` VALUES ('128', '9_bT4AT-7TqSwUaRq2Ag7tyq79ROjhMI1DE5uK_at6OE2RiuO14dLQ2LtUHqQV-Sk9yafBwqTt9qOdmL2Ywdf6L5UeCAcFTeowRPgl-UWZvqmtF-KQlvuIEiZ-E-4pvayR1E2yRsNJpIuinTluARQeAGAOFE', '1524879301', '1524872151', '1', 'kgt8ON7yVITDhtdwci0qebnTNqcL6Z_c0LxWE2Q6NxkObwg1q-ax9xRySrGw6zTIDeXF6zcucYGDb2H3qnEX7Q');
INSERT INTO `xcx_access_token` VALUES ('129', '9_TH2drbAka6E8hG8xpmw6-l4NtsQZxzb2JuntAWiDoe3IjIN-hamI7SSQTrmXwR7m8kMA7YZDVGfhhvpHz-nB3zeQG8V-Iug8aQ5ObzKJwNDyxb8if1O0SFBxZ_ARtiLUeVe9l0wm4Kv-QJmoKMGdAGAGIC', '1524896728', '1524889578', '1', 'kgt8ON7yVITDhtdwci0qebnTNqcL6Z_c0LxWE2Q6NxntOfWd8hXIdyukT_NvEpGdm4nt6N3OrPvj4G50IRmYbg');
INSERT INTO `xcx_access_token` VALUES ('130', '9_9SJYkp10-FTFlubIBY6lT91GRjHz5NbsXSCwYRA-D7lnBi0R4ufBKeTXk080FtyHhH1OCdeYV4cZL3WWHpcEcRL7hW4--fuUPpNTvmkKMJF_GLIASI2Y_ENRUVQNTrJRPMHqWyBXPIPHXg-VYQCeAFAEWI', '1524926583', '1524919433', '1', '');
INSERT INTO `xcx_access_token` VALUES ('131', '9_UiBPuJdUCNZqQAEaM7ZcgNZPUwE1l_yQPuPdp1udBH7gJf-nkckAonHRYU7cUc58W9nkvfPZcud1XjAKYQRVJVTEOKMdZhvdVHL7d50VMGMvrBUvtpvsV_koIjYgMqteg6iKL71WijjINxcQOPDeAAACDR', '1524977571', '1524970421', '0', '');
INSERT INTO `xcx_access_token` VALUES ('132', '9_-3Y3MT83d1VO6aJXLu1gL1-hy1Pp6bzP3G2QZQtckaAJjeZIKagJncdZmhpJPQR7AqyGoOCBuY04xC9383D6aLo9270fqZyE6X8j0P3C7m3kjSxxzK_ltZqD31IRbjTwta1jkLceuPiv_g5tRPZgAHACAK', '1524978343', '1524971193', '1', '');
INSERT INTO `xcx_access_token` VALUES ('133', '9_OgfLXOzgkisKuILBeePfXEGKtp-5X5uQxr2CrZfxTLUT9nNPKKataSJs_DguFPApeYx2W5lQM7hQaHtciuOH03c3BiMoWzH4EbyEQXyJYAf8TJ2r-r-aZxc94Gj_kRj4oHKGLXfNNVGDUxDnGBRiACAUPF', '1525024412', '1525017262', '1', 'kgt8ON7yVITDhtdwci0qebnTNqcL6Z_c0LxWE2Q6NxmF0TaOVwa-6DMvcIu0TeK7EjLnFoX4ibuZs3R18bs7GQ');
INSERT INTO `xcx_access_token` VALUES ('134', '9_WSHptJSvRyn0kJSMBY6lT91GRjHz5NbsXSCwYV0bqKBnMbM7HId2yp9PPBn4gqm6mh5Xs6RIgomFZc1n-OSLqrEhp7_cr2GO8EaWawWGfbbr2mGdJzf53kKsODGzsBjthss3SuxVRqv4X6ybGBHeADAQLR', '1525073228', '1525066078', '1', 'kgt8ON7yVITDhtdwci0qebnTNqcL6Z_c0LxWE2Q6Nxlx-1Rze0HLpXY5c2g2YJX6ma2ce1cQDMLGUHLca58kog');
INSERT INTO `xcx_access_token` VALUES ('135', '9_vAP2yTcPCAfs7qNeVP3nO5vgzSInJ5qZ7Bf7W--nVQgR6kX90OWSPcrQN36a3vFVLqUPZaBWYrWtBbV5nrnQZfUw1KcZXsl0m_zMM88LIJ4SofCKrD4oIG6jnl8QJLdAIADWY', '1525141007', '1525133857', '1', 'kgt8ON7yVITDhtdwci0qebnTNqcL6Z_c0LxWE2Q6NxlcFYQYrEWRj3fjnSbOI7OZlPNtkpXM6kx46e-FjCyGNA');
INSERT INTO `xcx_access_token` VALUES ('136', '9_i6saPqqTyBqQkav2VtyBFiuiVz7ka6SLcuiigNe8HHugj9oCha6rzyl8yS-LOd5JB1mPwKBv4JKE2vpBbleC7LfhRYaOuZ5Sga6JCFU8CfrBYZZZ8Qrf4N4OWh7JWypcP4GT7nHct5oK7LpyYFFbABAJQQ', '1525174301', '1525167151', '1', 'kgt8ON7yVITDhtdwci0qebnTNqcL6Z_c0LxWE2Q6NxktsQZVK2HbYcxjoo14zCWjDAeiUw02f6nGN5mWdcb0kA');
INSERT INTO `xcx_access_token` VALUES ('137', '9_T6bzKOmwFj6hTOfEEpejJ5tX6GutRYKLRwnhw4nP6XvhPUEdQ6XPpNobdw8HvYg5Z377hLZGlbKONXPN7lnlKcjoXxyjwoUrTdT2MLZwzgwBowIYxe-572W-H2pwzbsQeFYvBy4jzv5ce_EDXQDbAJAQJW', '1525238505', '1525231355', '1', 'kgt8ON7yVITDhtdwci0qebnTNqcL6Z_c0LxWE2Q6NxkPZnh6LBd7rQCiUVMdP9sguDEXr2OCG65rguGe6lXcTA');
INSERT INTO `xcx_access_token` VALUES ('138', '9_m79yiq3xQhT4yJcyUS9sYlCZTrl8y4wz7stK_Ms3vBOfK8d9J4-6wwhfPW27HFo6K03dQzABaqXPVGd9iM9U_tvAYoo9WBofLo5ZRGC9YIebR3KTZNcymUqOsgQMCXbAAAIYT', '1525239377', '1525232227', '0', '');
INSERT INTO `xcx_access_token` VALUES ('139', '9_ucXySmRtW2ItxOBADwRUrxXL7IhIAdOZDAvmNJM9OMR6wBQtcLnXK3_QPdQN8FNsblG9GYXmZJ0jkjYsO-apw6ae6BbpkbnDvY8u6MPR4PN7re6lQ4eJWbFp43VTwHIOd9KVE1n5xL4Psf35MFPcAAAYRB', '1525249055', '1525241905', '0', '');
INSERT INTO `xcx_access_token` VALUES ('140', '9_Jmlc44Jq-gKrIhyDiakM6yNAxL-LhwYd4VCJo49iGeXiQRGHA8Jp-hBlQL_p981VfB78AIlQx1XMoBUMJYcxu5Qy3i0OnOHOIlknXBMe7u8xBMuwGVwE7iwM5uQRKW6Ptiqz99z-cpTkq1k5LPYgAEAZDM', '1525249164', '1525242014', '1', 'kgt8ON7yVITDhtdwci0qebnTNqcL6Z_c0LxWE2Q6NxmSGMhuNDURstHlMlGRB3H9dJmHthr34g_c7PYwj2v_yw');
INSERT INTO `xcx_access_token` VALUES ('141', '9_KKNWDkaXAGbr840EIl4B9ZcTf6iaBR63EsfN2wDkR4nZdtVHsTF2krJGgH4zf5a3XXzF1mNYCS885xA-eKxWIaeguCPMMSytYq3LxdvNVvTxYxgu-1EodCO-VMHM-wmN1o-dKBNWoQWwTPrwBFViAJASWM', '1525257622', '1525250472', '0', '');
INSERT INTO `xcx_access_token` VALUES ('142', '9_oGD1L2FqUpCWht1SAcJISgnQrM3mtPa9ROqfpghJCC8nb4pqdarWxWl-SmYusHLVzPR0vZzM-oMmqupfh4JcIdSgn98O_AD2SOqB07FrGj0l2v7-DqaVUEemNvWQ_9FYMlw7d7NS8GhzHjOMRLJcAIABVT', '1525261954', '1525254804', '1', 'kgt8ON7yVITDhtdwci0qebnTNqcL6Z_c0LxWE2Q6NxkrGjlAyRwuP0cFYRTpUr-VpP4K2PInkjrNk9yJ3FTj7w');
INSERT INTO `xcx_access_token` VALUES ('143', '9_v3Y5LstySJVpa8PIKixzpHf_yGVrtiH3J-yA9Qv-jVce8o4YfkbeBchzJdhojRcIFt6vMaxZ4REB2sBfhQQtFF9y4sFDS98X623QDlqmaXVRqVtZnLW7Vmj26oaDNWti6lL0w-Y6lGe3g_VYHAUfAJAKDX', '1525267750', '1525260600', '0', '');
INSERT INTO `xcx_access_token` VALUES ('144', '9_JpDtgMZ9n6weM2H6ytz_YUooqFxay3HEMEvzrHpL-N-935CU9w41xfyn9vrR4EMMW8_RgsPiNibA_pYhcwtVLBrtNpMtoFPnozwJ-5HSYOQSMy2CUgha_kNh6wAvOSgslM3EQSQUqtOUnsTbGSRgAEAVHG', '1525269261', '1525262111', '1', 'kgt8ON7yVITDhtdwci0qebnTNqcL6Z_c0LxWE2Q6Nxm_zXzqRTsJeCLSC8QpiRpDO1TNzDeBtrB-rv57tRGGtw');
INSERT INTO `xcx_access_token` VALUES ('145', '9_ZPIRPSaoy3JM7erL1T8vUWGVjKNEUXRKQn-4ai6bu5fwe7RGjZZjLPPuofV2Btl5M8Ny3KzEH4WVczRRy2uofCg02_FTu84bdnIAQB3VMzQDx1EplzI7vcl2eejEajtf-ET7OtreziLA9Rj0MUJaADAAIX', '1525277761', '1525270611', '1', 'kgt8ON7yVITDhtdwci0qebnTNqcL6Z_c0LxWE2Q6NxnfFmFunyumMUeP43eidskNencUWINDZ_K9k5j3x-W6nw');
INSERT INTO `xcx_access_token` VALUES ('146', '9_Xf72Own5hAGtaOw1yRJ30Af6vvykMxQqb_4dQfuf-zIcclBev5L3YiM1pW1nadxjwfcAj-DcIcC4rwmLMHON8TXAPZzY4WA7gt51T4HOYYbuW-MoIGZ2GmZfG8_-uwTix9GmgRGXBruiZWMyDNQeAEAISV', '1525320641', '1525313491', '1', 'kgt8ON7yVITDhtdwci0qebnTNqcL6Z_c0LxWE2Q6NxnQSiGQl4ZfJsmJoxze1j481etccMTh4jfp3ZLcaVD-_A');
INSERT INTO `xcx_access_token` VALUES ('147', '9_fmZpARja_KVnXKtEBXA4j7YVUmysnVVgBVbgDVx1b-NaO0zzrwgloq4l18B2SUM2oLxw5BhEKFfxU4UYR9QutATx7wz3M7imtcdqz8zprcgAMYFdfQkOlKGoFTh94kAfs8e2RM8BNfaT0JMQJXMjACAUIX', '1525406712', '1525399562', '1', 'kgt8ON7yVITDhtdwci0qebnTNqcL6Z_c0LxWE2Q6NxkStZcQoW7WsAlAjOxjt8cdyooff-Ss6ESzktxVf0nZ7Q');
INSERT INTO `xcx_access_token` VALUES ('148', '9_dvXbz99Z8BtV4CvPshubzkEAEL5cmT43XsYGJqWlwybtEEeufWu9W7nR0VFXBpYMZPyEXNsB17mK5BIKSPAibbs90NOPXLOL1NbzO5bQquDF1gt2wE6--JzlioBAStzt16jFkLTlmSE943S_EQWiABAMYE', '1525430940', '1525423790', '1', '');
INSERT INTO `xcx_access_token` VALUES ('149', '9_T0TXeK4i2DgBBK9rM0WyucFVba5bV9VpLIKVm3bkzZR8O-sfVV9TnbvogVLao0YKQJa9Ga1fCU7gCFEE8mc4r2AtJtrpx-2fDeFAIOH65EcQfW66dtJrlDuhRXhluWAhfmSk-0rluNaAph8wTJLdAIAFVX', '1525503861', '1525496711', '1', '');
INSERT INTO `xcx_access_token` VALUES ('150', '9_UTrz-r0v0c3XanmZ-RSLJ8Oc18GqvPDvAt0MhE1fMAMmm2F5ra5N2Og5ELG2XvVnieHS5k-WTkCO5NZiBMLkUdpaZ68f8xD1cjSGgCnHCnXb2eyqBS-sV03U2YV_F_4WTWgYAMyvaclKmS-IBFEcAFASWV', '1525664955', '1525657805', '0', '');
INSERT INTO `xcx_access_token` VALUES ('151', '9_LAviRnaDTT_YV7IGRZM4jVws9Qyinh4VxRakxTVmPiehiQVz9tE-ZGcrjjrb4LQfdWmy-P_yKIopnm-t-eQSrQk5zVitWwkIVYcy_0oytY3ktmNjObT2orwp82nXI3RhMt-kUaDGLbIJ4djSGXNjAJATKA', '1525702976', '1525695826', '0', '');
INSERT INTO `xcx_access_token` VALUES ('152', '9_0sYeRTmCOr4PmrdJEyFiqtNPzK-pJpoHHI6PsSIspHKAfaNuEUDNuYHm2TsDLl9gncKutY-ZY3yIi-IBXNM2F7b9mxSZmbbkpYv03Gj0B4XOSPfQe0zhXXAG55yAqBy6FVxVofITI3I1l2EfXDFdAHAQWY', '1525716583', '1525709433', '1', 'kgt8ON7yVITDhtdwci0qebnTNqcL6Z_c0LxWE2Q6NxkPqJOp-jYKm1dWeqNlGzQoj1Cwui1Al1KLA70UfPZNLQ');
INSERT INTO `xcx_access_token` VALUES ('153', '9_xJ3RsxIM5NWvRzmkQFIzZ7Yo2FE0VAeesFlM3OqiZCdFDEJyfLqFV_Z7ww7a9PmonalckfvBMR-Avy_6o_LggPB0dMO5P4gVmyVbihrLpsmnv5lBZDt7pt4pbtMFLAjAHAVBQ', '1525747085', '1525739935', '0', '');
INSERT INTO `xcx_access_token` VALUES ('154', '9_AIydAU_FCP9_v6KP-7NNV6DaeJ228QZLRvL6QuC8LUvAu1sn5wdahJruA4FqEqvklAF-9GSk-htr1K5gzFfQSdkVeck_X7zKePxxH2GIxq1lhHMKWWa3uCjMCSw-G4SHzdRFPkNiBHI_CoAdSAIjAIADLT', '1525795122', '1525787972', '0', '');
INSERT INTO `xcx_access_token` VALUES ('155', '9_EwMm9Gu0N9sG0CZ2Lu1gL1-hy1Pp6bzP3G2QZV8drbkXWjtY0XWVP3YKH6snIyDY-XV43ZTRjkr_kOrkTa9td4APGcblCI2ywh28nMcfcm52xK6UZnBk4w9G1IMYQQaAAAFXX', '1525844458', '1525837308', '1', 'kgt8ON7yVITDhtdwci0qebnTNqcL6Z_c0LxWE2Q6Nxnk-8fp9h1L0GBzuIuPRL7l7vvP0sDIoYBwqlKbLRLn3A');
INSERT INTO `xcx_access_token` VALUES ('156', '9_FXRYsjd16ByijK-swxQnsRH_vVH22PZ4xbRe2dQ7AIW_U12FsFJbhsqXCBgP6uBZQ2lK5KithEcvbARcvqzT33jaKwCNaQHJSAWYfWGYrXuZOzZe_FUxKQgU-B_1-rLLARMXrSHoxTLC3vSiEJAiAJAHMD', '1525844465', '1525837315', '0', '');
INSERT INTO `xcx_access_token` VALUES ('157', '9_Tx05u7u91xl9sx4V7s7-tt4eHQuEq1CTEl5bT_ERzmuN71GT0X7G6I19eIMdCgboqqgCWmd0pTtrkqfzbmSqhzn_IlTJZiBvP9KqyoYfRH0oywX5jtmZvuQR_iBhNmuYcU_2w4W5MkhfSIBtTSLcAGAIHA', '1525866884', '1525859734', '1', 'kgt8ON7yVITDhtdwci0qebnTNqcL6Z_c0LxWE2Q6NxkRqeTSoI3tAAK_EsO3zU6K316BEInhrGd7taGB8oZUOA');
INSERT INTO `xcx_access_token` VALUES ('158', '9_WW_nejYAvxoMrEov28ZphxWIxeDvu9nPyvG28wsmpCzPeFgEgRVa0LO0golfw9rQ2jxKEi4QxHhZn7eIoTcis5UHoBbrDXsDShg4QjNdp4sE88wZmWCUCsifs6PYuolzddHtHg80YAfCJWJbJZLhADAXNZ', '1525931616', '1525924466', '1', 'kgt8ON7yVITDhtdwci0qebnTNqcL6Z_c0LxWE2Q6NxkjV0P3eVKEFZLSahmHBC9noMxHfNFRBK-SnkjFCzQNEQ');
INSERT INTO `xcx_access_token` VALUES ('159', '9_V33eVxXDEqUNjNq2AcJISgnQrM3mtPa9ROqfpjoMqF7OM6zov4zdfk-xdNJaXTKMfsXmHC4tPX9P7LvQXOE0M6rRoLt0D8RncND7wTsPTFAjHylaNUM1XiRC0Ihcbp1Dlu3oaTpj6dI6jWjsSZDeABAMTX', '1525945783', '1525938633', '1', 'kgt8ON7yVITDhtdwci0qebnTNqcL6Z_c0LxWE2Q6NxljTT26TloS9JAbPqA_y90orFshzwHwhx1fcPWeqv8_8w');
INSERT INTO `xcx_access_token` VALUES ('160', '9_T9dKVDfJO_Q8QcpZ7ZSRjyyRV_uO3Za6aA8lLkaHEe8fmZlQp_1S3mctP8tACMCSQQRg-7HjqQyi4U0RwXvr90Xn2s6dUdqFQ3erbhR9i1pjviYJU0HoP23hURDPKkDbwL8BLxUmGslb1uqXPNAbAGATRE', '1525945882', '1525938732', '0', '');
INSERT INTO `xcx_access_token` VALUES ('161', '9_ueqzDGTH26bo5I8usXLj1Z6f2nDHYIxHvgMwkDWPGd-unn_pvGLljLPY_6lsBUVMXwp4F0kl7bbTnUVp_4EKqXJpdlgdahyT9DgzioSwzC6V5aLKJ05xQMNhs6M5mlspuYGyNYA1y-h0741oMGVbACAYSH', '1525958241', '1525951091', '0', '');
INSERT INTO `xcx_access_token` VALUES ('162', '9__T-AiqGfLtaDpOWcShMhimChUA8NKiV1qmavz7MEkP88zTgn73mEQDGyFyd5Ty1Ni_Hz8gaU9GqfKAr0J76-evOjLzSAYwZ0aJIxj7zxo1udaSccot91yvQpkXY3rZI0BO9R7gX3AAvT9Ef0SZNjABAZGU', '1526010096', '1526002946', '0', '');
INSERT INTO `xcx_access_token` VALUES ('163', '9_VWlqGGagFDuH8EVmYYGTBVhC4MHYE-LuZau9A74g-pb_g4S2LZAZI3W6EszrQDBqbZtyEW2lWTpp_76zIp82-AeEIC_SbZ9HLKy15LnSY7994VdwjH1dZGjJwmkCQRiAIAVJK', '1526045171', '1526038021', '1', 'kgt8ON7yVITDhtdwci0qebnTNqcL6Z_c0LxWE2Q6NxnGD6fYZTmcNf6Kj2w7IsNTolYPBvKUfp3ojSsoi7-8QQ');
INSERT INTO `xcx_access_token` VALUES ('164', '9_eu4sWoV6k0J4CpCoJ47PmkRIG17EygYzEZfPHH8-FIDbwGV6biSeZ-RHxreiy-Vrdr_MxyYYSWLAmhTNwUB9HRh9hUnx3CnrzRzv92TJagZYaeQ-Ep5x70XxubHXojHUmP-4quR2ui-ENngRBBNbACAFFR', '1526107240', '1526100090', '1', 'kgt8ON7yVITDhtdwci0qebnTNqcL6Z_c0LxWE2Q6Nxn1BorkxRVFbhXqj6f4L_-4eO6QaYcwX7_0lykHX0lP7g');
INSERT INTO `xcx_access_token` VALUES ('165', '9_5pWCYgauRISKyWAp3JFbxSyJwMREmfZ5e1Wg40IMUm1akUfJdcPtaz5NzbZCRsmwDlrFRy0N6NdztZBuhxQOoEXjZ99_xyj48MMKrmCF0rDjOM1Jo1z6SMp01cGw9gn3-qlu5B1OT4bGDo10YPYjADAHYH', '1526116885', '1526109735', '0', '');
INSERT INTO `xcx_access_token` VALUES ('166', '9_Qn1YDDrZtT8QiL0_Jw2KmdT1hZhPRVw-378k3gD5k2SarmDlaDxAr65l7G05gqjmg0RB-PC5HDrqrDd5RkzCCzerscrnW7XwmzQHxZoNMBKIxxpD47sG7s5I_ERV5LxpHZS7p_H861YM3_yKZUUdACATOO', '1526370492', '1526363342', '1', 'kgt8ON7yVITDhtdwci0qebnTNqcL6Z_c0LxWE2Q6Nxl11jifyBUEvNGHXD0XXnImuKzU59F9cgX-vVUfd8I1jQ');
INSERT INTO `xcx_access_token` VALUES ('167', '9_H9PAWhfh8xyL_en0qpEz-gYbNYO2xerhmuYpZ4vsLBYOeir2BbzCPmRj5KReGlwthwjVwREyxwCcyiEGXlYHcFGwCRZvZkFu4nzmpX6fXr1RotNiGLzid4RTTf3_EEWkHA7wZSFtYqSFqxWTYDSjAEABGV', '1526464038', '1526456888', '1', 'kgt8ON7yVITDhtdwci0qebnTNqcL6Z_c0LxWE2Q6NxkazFt2RPRdjM1B2tt7QXBFlxjPCRlvro6TWiIRba-3hQ');
INSERT INTO `xcx_access_token` VALUES ('168', '9_Px_mPpFgB8-zsVcju-xRNNCSQoG_9Kqt3RjQczt_6u1a_o56uxnlgGJsmzxFulXHlvukW5-g3G16SgB7lc3tiUqoF71Yt947vx6KXmOpk6uNkTOVmTD0Ei9RSlAQRObAIAIJG', '1526464134', '1526456984', '0', '');
INSERT INTO `xcx_access_token` VALUES ('169', '9_QWpeahYvLhVjFtLlKLqSf80GijdkaAqv1wnVPvxXVgKci7HooxtO5FEQtBvIvzq5nAPPa03rHEBMQ3LCLEVC4jwe9W0XQplhlSPIX6jd3xGqe1gXxN3lqwz-27Olxay9139Jd3SEP0thzgIqGRWgAEASDI', '1526556034', '1526548884', '1', 'kgt8ON7yVITDhtdwci0qebnTNqcL6Z_c0LxWE2Q6NxmjP_zitDkyvTbC0pWhGvtHxP1rHwSHQNef7S25VbliGQ');
INSERT INTO `xcx_access_token` VALUES ('170', '9_fLknPX8H4NJKqGn70l7cacCzMS-JuGFpc0mrN9AVk9P3nrF3y2lDAwBibXINfa5eWm1SMRnUJ1bDN_oQh_MeSoIWpVDkxwyPQuAq_sqQAPTm577HJoxjqsxCO13dG863NxSQn5Qih0YP8sVpMFFgAIAATT', '1526556064', '1526548914', '0', '');
INSERT INTO `xcx_access_token` VALUES ('171', '9_JADtI34qcX_STbx8-Ty0PHzlQChFsCuc20ACsIt1nI1mEi7xqT84TjcE0_QWcylIBvQzjOPj4b5StA4_U9WHJ4TXhD37q5SeBlDh4BhnUH-IUdrKKNn05DJqph8XXZgAAAIIK', '1526733002', '1526725852', '0', '');
INSERT INTO `xcx_access_token` VALUES ('172', '9_OPrIPkQsFXkDB6LZqs78m4XiyqWKGCUveNZ8DPawbtFB6BRou-JBzVO1Prgh-OY_lT3k90fc6NRgO25Za_eYlazWst9sfLLwcsZ8jsHrerCUIC-LzxZK1L0kYrVxLigBFymL6boC_xQP8vw8FJCdAHAUYR', '1526733307', '1526726157', '1', 'kgt8ON7yVITDhtdwci0qebnTNqcL6Z_c0LxWE2Q6NxneG_GXjfZb74AKTCjxzI-fgnl8zgBKNS2zvtR8K6Z1Bg');
INSERT INTO `xcx_access_token` VALUES ('173', '9_Ap1MzYFY9G4--arGKLSRYS2_NHTY9whxRzcZ7ICoDY-pL7WqrfDXIQs8UBvTOnCxbcXbM2mPGEa9rb_IsuSoIbTdP_QlzWr98j4rF6FE9bguB-pOCzGHMQggImVr0borvVVlyE2_alzglSzGYUOaAGANJD', '1526744859', '1526737709', '1', '');
INSERT INTO `xcx_access_token` VALUES ('174', '9_eh8dwoJqCUsLb2oxlEBEbpcHR10zGrFPYtFcxjpBFJr624zjvvPp9bExwvUCiOB757_7XIa9D-pxDLW6wAA85lks07WzD6Oki2DTGGmBUsxSJmkIwYzsd47VoDGIrdSZr6A-wsplWsgjkAh2ANZcAEAWJV', '1526752954', '1526745804', '1', 'kgt8ON7yVITDhtdwci0qebnTNqcL6Z_c0LxWE2Q6NxkBPaQKipuD-ph9vkjez7mUHGZzMW1WJfyB5YxoYqXdEg');
INSERT INTO `xcx_access_token` VALUES ('175', '9_kJDQWwXgp5PBh1rim9RIz-8aDaNSe1vSv3Ytt7J27594DFfa05KdCm9DSpUg8XIgfrtHOOida-10_zzxkX1KV2_NybdFP6quRz0WQcGn6XSeD7K5haXo_L0fnSUIRCaAIAZIT', '1526762872', '1526755722', '1', 'kgt8ON7yVITDhtdwci0qebnTNqcL6Z_c0LxWE2Q6Nxm_G9AUleQUQ6Ww0fI1ILKjFpFirSJ-fGLCeOGhTLvOIQ');
INSERT INTO `xcx_access_token` VALUES ('176', '9_v_XO4ZnwqBhhy42w4xmhd4ckS6g7acu26i6uLy7ObocmLkMOkiCKvN6-Al1_vbd4PLGKhSsnUDeogENyN6ZJLD6uEauKZjPVQmBjVr9PUoQcTl4TefWq8XlV6uhjmtwNQrkFbFmkXfzAK81rLLKbAJARRQ', '1526763260', '1526756110', '0', '');
INSERT INTO `xcx_access_token` VALUES ('177', '9_65OrEpZe1bAfvNabS-Bby15IY-_gVRYJvwWPFmQnV-jkbKEOROWVcmD16nABEyu6qGcjIxgaXxhVFS4J7bodcUI11S5xW4x7DgfSFewpvwfr07by6NIX2rCP35I27k8j5f5F29p9JbX787vgCXGdAJAVQZ', '1526780538', '1526773388', '1', 'kgt8ON7yVITDhtdwci0qebnTNqcL6Z_c0LxWE2Q6NxnLUg6H8O_Sw5et4s5aEi3FTI58vFmvimErVKwqjOuLpA');
INSERT INTO `xcx_access_token` VALUES ('178', '9_ph3FbibjGDHHBUhPjHF1wc2CsHZl9fLkFiJL2HVlfzeOzPjwRwXuUr__LwuOToPiiZ9TFTtDcRaAT8uMFE3F1H-tjyaWbMvHWmlNyESE0zoUWztw7N6WGDcAWAYMUSjADAGOM', '1526794198', '1526787048', '0', '');
INSERT INTO `xcx_access_token` VALUES ('179', '9_2DKoF-xlDTOhX1_eJ47PmkRIG17EygYzEZfPHFoTEtT7udh2bjcVhqdy1eMdqFApkew3kvq4opPz-9U1icKZ9bpAuutEaM2zHrWTMoNweRf4ChN8oGCkzxbqZnIqo44IYWCVc213QWM8RGFWWPTfAIAHAE', '1526870635', '1526863485', '1', '');
INSERT INTO `xcx_access_token` VALUES ('180', '9_1Pa95RpBP-5iBr9dShMhimChUA8NKiV1qmavz4CXbmr1zn-q8h-zwsDRubgZkqrFCzY8tvn-jxHBvuRFKHi9ZpzECMj3vvmVxjfrjaPYg9uz4jvTVcpspnv_1Hsx-iDaV6gkbnNMTEdTdtzNNSSfABACHH', '1526873873', '1526866723', '0', '');
INSERT INTO `xcx_access_token` VALUES ('181', '9_y6hgGjV9Osxp_yXRQUGy8TS4PRNFOkYy2_uy73bdYoT-rLABU2c-C71USZwJq8Zvi53SErGvFdm2JDL_hsDbf9LhtEKfXrSDQNQxkEVdXC0p9UHE8-X1AqQ8_X0RGVbAHAAPE', '1526877952', '1526870802', '1', 'kgt8ON7yVITDhtdwci0qebnTNqcL6Z_c0LxWE2Q6NxneoXPI60van9XFyZnd3hk_oihtPCFVfDSbD9ki9WubWA');
INSERT INTO `xcx_access_token` VALUES ('182', '9_P5cikUtjb0bzBzjeIMzIWD6e3uIZG7Xqtgr-XqxmGknkOq1IAHBpJE7Bog4rFvYybDwQupSk4kTfINbQn1UfJXXVj0V38q6mOchWlYLvNWgC-BzDPv_NIS7uBKvuu4ci4xKLeiVqPvlzjhuYKPFjAJAZEU', '1526892593', '1526885443', '1', 'kgt8ON7yVITDhtdwci0qebnTNqcL6Z_c0LxWE2Q6NxmqZiRvY9YOPDjm_v0xGiBwO_43Ifpq3QVg2vt4Wavu7Q');
INSERT INTO `xcx_access_token` VALUES ('183', '9_o7ZXFOT85aw8XDE2NAjOJXw3UGdZPmMEOAzHG6yNu1qxfMFl9q8NDspPDITxZJGfq71NRbjXQpgd3y1WBEH5z4Xuvwyh8RJZnk_x0h5bd_gYNL1iEMDmqdxz16sS2NcW212dKjV8-o9yrsrzXPIhAFABTM', '1526897872', '1526890722', '0', '');
INSERT INTO `xcx_access_token` VALUES ('184', '9_DccDHd3F24IqRxJGYstgiLne3NrxigQWrBBC3Q7x_v_9HTDasyl63p-fsZf_ABN1OQMYWceyKV6QudIhk7Lgh-Wi84cvIkiVniERSsSy-dMhK0OP1lXB091DNsrXCZXH2sYQ3ETEjyOidvcHBQAhABAJYI', '1526909719', '1526902569', '1', 'kgt8ON7yVITDhtdwci0qebnTNqcL6Z_c0LxWE2Q6Nxmb1OKs9Qa4-RRcFtH5s49LsaRlR3uxuGkWUHVeUSddAg');
INSERT INTO `xcx_access_token` VALUES ('185', '9_-jQB7IK-Osr87za2T2dkparsayLZSTeXRvRs20_Oh4nxEBQLjJrxa3ceNd8h78fsAFONEMaCWO6brPnhDaK5D0usgTJS5J04sXZpejzdnNLryoxt6NjENLlLc9rayCdgtE8lFzZKfdaXZkk7BWNfAFAEZQ', '1526924472', '1526917322', '1', '');
INSERT INTO `xcx_access_token` VALUES ('186', '9_fWBhUb19SfN3BYSJbdf5TYqbwcED7VxdhB1hFpnddJpEauQx9UpSogBA8fBtLzyZnCHcSgGjkqc874rySeVsJe01eMRXYwL7nLBq1jqkyicHwlzZfyWuMl5yK20R5GUlxanRhoUfDr47vFbMZCXeAEAORM', '1526957481', '1526950331', '1', '');
INSERT INTO `xcx_access_token` VALUES ('187', '9_WUqev3vRKoSkT4YA72apFW8s2L6GlakIqc5M_V9azz_VpzQBI1tFx4dPj4APCc4Yslv0W1OuCKM82VaKimD-loAIluuHyTyMEKaD9m_jy2yyzFF1P7GVAAOSdQQNRPaACACGE', '1526978168', '1526971018', '1', '');
INSERT INTO `xcx_access_token` VALUES ('188', '10_amtLm7ECXh29LmXBRA3piuQepQA-ldGpdQlC_M2pfCYlZhxwC99DNTOUv3yUC19iQtmNaPQLIwu4IKvkrnIG_7CjEKKKsDlz0iH2egKEQbZ9S0wWVtKtK8VkRCHIKddu5Vy5MnO2s6N0IN4QORMjACARUP', '1526993798', '1526986648', '0', '');
INSERT INTO `xcx_access_token` VALUES ('189', '10_v0xU_SXaKi7ACq0005ocqXlHF8oa5-9zLWgbjj3e5zXn36AP0Fhf4tCFcZy8hgmjAfs832PtHdsedIdxPpNXQoEOJkGzdwTlK1guh_aCGgNR_O0OkYJjDB3IIKNHDUvq1hLllUsbMkeVh6dUQGGbABAIYY', '1526994524', '1526987374', '1', '');
INSERT INTO `xcx_access_token` VALUES ('190', '10_oWJj3PE2QtpFuDNiOAx2QwT7G8madOCMvKNg2ODp-mfXg5fXC3op1g_m1P4_0YlfE6c4HEi1W36MLy3-Q1L9tEy2hZaxExmHXEkY5ExX5HckeLw12zbKPrPkYDkKYFaAAAUIP', '1527042991', '1527035841', '1', '');
INSERT INTO `xcx_access_token` VALUES ('191', '10_OIDO7hPPwQcbB2IGFrdLGpFhWVfeLZDGZ7gGCsFH4hSNuEC0UvQyaI7Mkb3LCWkgC2IDRe-vlH73-gb9UbWfMGXg77JCBXDMOwWJCKCfP2xFegOUzyXfb4nlHWCfwMUU5cFxc5-yrkkEc9UeMMZgACAEER', '1527154945', '1527147795', '0', '');
INSERT INTO `xcx_access_token` VALUES ('192', '10_5bgk4evcb7atFYy7HfcWGAIwuTXotS2-FEuaoU63coYl-rAN9HG72fKy3CWTu_SOzv3E5fYRV11Z84yQxNOadskf7R5rBSbv3rukS6TaAhrUmRDZxICUgS5pQFxHATEQDK62vLE_25utW_NBNNPdAAAVVX', '1527170811', '1527163661', '1', 'kgt8ON7yVITDhtdwci0qebnTNqcL6Z_c0LxWE2Q6Nxn2xK6ylbVxe_XgEYjekTISPJtZxniO6Dd1-1hfzSd5eg');
INSERT INTO `xcx_access_token` VALUES ('193', '10_irhcSrPohN8fmJ4_RybQE2EXK5FqQf_giajoIuPA42LrcsU9kEWeFoUVvoJaMxy9xdcMCC1lYQcEsmAPAN_nOctzWhEvFeT23icGJlLdgUJit7T9x4McYb3WK3BA1Z30TXgugpFM_XHCFyR8TDAjACANXU', '1527411752', '1527404602', '1', 'kgt8ON7yVITDhtdwci0qebnTNqcL6Z_c0LxWE2Q6NxmC0XssiU3Fwo3NItx2tiMbf6M5CzDYaQDJzximo0uXNA');
INSERT INTO `xcx_access_token` VALUES ('194', '10_brx1eDpyrcf_qNJMvzfwDQfFYOlySkgkrbqooXHvcBwsJBU696eS96ueuOeO6I8CHK9xAWk17Q99frxXE008LX9x2mi0Y3X56Y4NylufMimJ6KmrVyyfEkMP73MNYSiAAATEY', '1527426085', '1527418935', '1', 'kgt8ON7yVITDhtdwci0qebnTNqcL6Z_c0LxWE2Q6NxmIuEhEtX1560myLDOqPAfYRwS6AZZMvD4ExdY9OpE2-g');
INSERT INTO `xcx_access_token` VALUES ('195', '10_HpqMHUIe0Kn0LDWlKHZfBH9f9068yQiZe9Vo4SZOF2_yEiKktUf3GNl9dSsAM-pIi7VCZngF0uP0WeQYrBPWQ7uME2linc3aW_KSh3Y2vnzK-gVIqYVVf0mY1aQfXL0RPZRR3LPx4VJMj7fHLQBgAAAAFQ', '1527427142', '1527419992', '0', '');
INSERT INTO `xcx_access_token` VALUES ('196', '10_WWxsCfvNDLpeH5OXv8qgs4WBasazp6_jOFJy6zfVKvBUtAH5nXed6Gp3SdyAPW8DOQCNh-HiR1hPJt-4SO6gH6Njw9onI5WOXDIP8zx2g1cbq6UoGY9JSvxUNDG_olR-znEDMbBgOG8kp512UIGiAFADRP', '1527434544', '1527427394', '1', 'kgt8ON7yVITDhtdwci0qebnTNqcL6Z_c0LxWE2Q6NxlYCbHO6bVDa33ml6UVZPsGGcz24PpnXV3DDbbBX8D5iw');
INSERT INTO `xcx_access_token` VALUES ('197', '10_I6TnbtZAxRdc_lJyGjGumgSwzslVg2jWPzP5wS5raie_gWWIwyfFdsIFr7XFAjzv34SDxKC6hnS82q7s3qPmDOcfI5uqNyiUj1yXQ_BU1VVaVXz34NhK_62PREZXzhWrpPnsbmEFP8e-BXfwAOCdABASGU', '1527477140', '1527469990', '0', '');
INSERT INTO `xcx_access_token` VALUES ('198', '10_-q2r_Kzt6zFd50_asoTIm64tuY2oOJToW3t1hHVumxQdC24022y7hRSvgEIbG1Pf6MffvvEE4d3LwI_dPpLL1mNwPKKRfBM9Al8fYljrcBpS1Tvgcpq4GtwAYeXFhQr4wF6q59Ep9Q4vsLcUVWTfAGAKLI', '1527477949', '1527470799', '0', '');
INSERT INTO `xcx_access_token` VALUES ('199', '10_iXLrlZtF94K2jHvWXSh3HY02SJEUbzvbnlp-dTOK5aRV6C7aa43AFEVToO_8-ZIo9EOoyzISfsbXVR5tAa__fSWeG0EpvUlBtszvxizP6E6yrAjRohm-Uq8R7XWKpbmkbZ955SpKJXNjObrXEPCcAJATER', '1527478421', '1527471271', '0', '');
INSERT INTO `xcx_access_token` VALUES ('200', '10_ASL2FKVSS1V4WVeGVVdB-m0bGCzC2B8jBhIy7yue836ytX-nrG-iAjoUIsym_p-AbA6-sPpAireWBAQXubNd47K5WLGw10_XJRcQY3fbI5VBkd89pUawlu-tcLENRDhAFABFR', '1527483930', '1527476780', '1', '');
INSERT INTO `xcx_access_token` VALUES ('201', '10_VzM64uZ8p68ED5D7W7jyxi2SnJhzOtJL6cgHdWF8xecD78v5IiAgtxl4we4ZFwxvKGgzhY47JZGL1oUtcD8hL9_Bdy1au73upjxSt8XOW8LxcVto1cxM_RMnxgmL_rgtM9KZ3mS10ctbKuatMPVfADAGJP', '1527493973', '1527486823', '0', '');
INSERT INTO `xcx_access_token` VALUES ('202', '10_NIpXt9GpScVkJwd-4USR2d6FYcbgHpwqHQ1pOS6B7rC19pYR8iwGP8q_MYiPR3lDmwhIbGN1EqC2LG4WqeYRj4BrwBZ-3l4w1QEguAKJRDHoDA5WZBvcnKTGS8SfavFy1SQwTdZVvyAsvlMXJWKiAEARES', '1527499722', '1527492572', '1', '');
INSERT INTO `xcx_access_token` VALUES ('203', '10_4BVs3mp-wY-zXFkdtselOhtiIWYu5L0Vb-LG56fN6Ck-HiohjFdT7NKTS3-gjm6obvklbjxe9LbiKuGwcxKeNpffN8dFHHikt_wkFwf9vn3lf7XcGlF2HRYNQpJR2bg5qLYcaSuuwZMYs_meDZZcAHAHDD', '1527501386', '1527494236', '0', '');
INSERT INTO `xcx_access_token` VALUES ('204', '10_rLK-ZPVssTIzUqWEeUsywD-JjAmKRAJyw27YkGAjHOXbH0tb3T3SFc8KInjg8WvZ2ZNlkHiO2ALhr7QnqNIpMOulHFCc86yFi0in1w1qHh1a4AGrCuE_Y6xKpIUVEyvMTQavDf5gRCXl5_IAFFFiAHAPPP', '1527517055', '1527509905', '0', '');
INSERT INTO `xcx_access_token` VALUES ('205', '10_D_AHhmHh1BaUJ7qw-mWhuT7TOTvzEOdlFtPMmSmtXFgznXD28QZz3Qj4XDUJm3un_KU4QduagjsdK6vjla6rcvf54ns2gBo5nbnHE0B4xzMBR-Lsq4zFvILW9gA_TdFc1KIDVV5jMptW4Y8MFPAbAGAXHS', '1527521619', '1527514469', '1', 'kgt8ON7yVITDhtdwci0qebnTNqcL6Z_c0LxWE2Q6NxkQPzTV6Uy17OkP1VeNEjXkPkdEK5zaijkrCdy5ALEFBw');
INSERT INTO `xcx_access_token` VALUES ('206', '10_TA__bxA_ApFjVXxSGjGumgSwzslVg2jWPzP5wV7nSm12XHJgd0FbK683AS8N_3PzwnRiR76VKQecklmu2tIWlUrN6u28UeVZzE2RVLz3gwCfnxzXCHlJsQ8VNAMZMRbAGANAF', '1527564856', '1527557706', '0', '');
INSERT INTO `xcx_access_token` VALUES ('207', '10_jGQ6n3G_qbqy6SI5XVC3JBfJbIRjjGPw-A4mbpqS1240jnBjVhCqXYS5CWRj4ojdIspIFVTI1PXrtvGbggRZVuZMQYSbLPon5CLa3CpshRnuq0Tv1iY4oSmHcxZLqobhvv-nxpAzwPWLPOYTHDRaAFAKGU', '1527565705', '1527558555', '1', '');
INSERT INTO `xcx_access_token` VALUES ('208', '10_bLzhbJTGmGXPvXjaNygnIRllQmytcaKABaFoH55VHnuResCo9AK6wfsGNjROR_dHY0SDW3K2dIrq42a2sQBHRoBkBjNnoPjqkLa158oIWtk6-AK-TTAUD1nFtq0X_zLBqeyP2L_phKyCdpZZGOZcAHACKV', '1527584117', '1527576967', '0', '');
INSERT INTO `xcx_access_token` VALUES ('209', '10_8_fzc3avt2WaZQ9mXVC3JBfJbIRjjGPw-A4mbnvj9_o0313KzV3nLjBNCr-MlBnlpoovq6a72IMB_cnTwOf-Q2oe1g6JUC9XzRl29YT2qklfGtuEKsvnP0ZIOUN4j276O8xoPWQOZmXOGRNdGTWcACAVIL', '1527584452', '1527577302', '1', '');
INSERT INTO `xcx_access_token` VALUES ('210', '10_JOUyaVSbdyYYA9swkz7mVdqjziEXF8dg018Op1ZTeT-N5_0MccGYZv2CfMKYTETRdZL4y-1gKXUQVEmIzr8UWvySIhQqiWj3c46BEpTXhw9uC12C67IIIkHuQUgNHGjACAAUT', '1527601350', '1527594200', '1', 'kgt8ON7yVITDhtdwci0qebnTNqcL6Z_c0LxWE2Q6NxlZFB8DhGZwAE-crjNF37UMjBoht8Zi6515f7KsjaDroA');
INSERT INTO `xcx_access_token` VALUES ('211', '10_1ATKCNQXXjISZDKyc0j5LVmwvwJAn5YTOSI5yKLoGYZgcvcICj8g5Y_2On6_wMcA85htCuvLYi12JCoMlZVnoQNCGeec7AN2p6oUpM24htiocz_bHjgmo6RvC4ukpq1T36PmZv-MxJMFHVD_SWLgAFABFU', '1527601601', '1527594451', '0', '');
INSERT INTO `xcx_access_token` VALUES ('212', '10_LsmREACqHei0A15Vu3QecNnbEuFJ27aw2YALIs4BdsI9MzZQqvFU-zuOtMsT3PkLdQH9wIRhf70dMq5IirrZl-4CKL1Pv10nj2DTFm1s_oR_Bp7xB2meQ4lVePW7OmPMiOhXcLIfZbEouxy4ZVCjAAACYF', '1527649885', '1527642735', '0', '');
INSERT INTO `xcx_access_token` VALUES ('213', '10_XUgU5DctIyo407P_xzgT0Z1JhHgMzhp7kbSmls1VhdKVndJagDFiG5ZYt6Gkinh6pPL6R8nvIgvvblmFVSjdi5lD77McxW1IInYZO1_4HnnmDhQzuDdI3PuvTDzFKVARCdLaox8cBv-95J5PJZWdAEACSP', '1527653033', '1527645883', '0', '');
INSERT INTO `xcx_access_token` VALUES ('214', '10_FY80dchJvXtMD0ATIm5LcYouoKCJZfPNIZUOVUw1hQK3fWvm7gEqZ8MH5Cz6ZpnOEcniSZoV1iBSND4Xxh3_bqXWinlQbLv1u0DhvAd_xx4SONZdirDQwpQE9Fh5MAGxhjOjmucp3OSCoAYEDDAjAEAYYV', '1527653677', '1527646527', '1', '');
INSERT INTO `xcx_access_token` VALUES ('215', '10_myybrYBhVv2ZMnRVTnr-1tWI-2y5xh-kBSV3blFue7s1QCW8rJsSTAvqRPmW_6WcruVl0eLPbspQL8a85b9wbYVZvH4VV2zKHT3HhfsoLS5xwYmjHLEDtCWpOb1vRT2Zi8EDENFG4ATaquyINRLaACAUYS', '1527665844', '1527658694', '0', '');
INSERT INTO `xcx_access_token` VALUES ('216', '10_hp8Fk7UG7u6JYK3grWitgFRCOsolWlX8X9VIg9HHkawsjUpLAbR6CignNmn2TSwMWhGvX2QTcwmMx_h0Uk7ImrCG6WKMbJeOS2b1rIAGrqh_GsF6uTo10tzBREuqYeuoFctSY7jwTVgABlipRUXaAHAEHK', '1527667750', '1527660600', '1', 'kgt8ON7yVITDhtdwci0qebnTNqcL6Z_c0LxWE2Q6NxkJ12OwanQDAvmAAiPhsZuwzS2x9DsPVb0B0XrvgnhiXg');
INSERT INTO `xcx_access_token` VALUES ('217', '10_D2oZDWG63i5hC8iGEWDokOF5s_tYuTT4mwDuPL5EJuSW0YUp661Z6VicgUYT10eUOHFiLvrUxFk91LOpY85LmcOlIazrr8NLKwa5UjiaTUtAF8lQFvGMmYj3OQADBYeACALJG', '1527675846', '1527668696', '1', 'kgt8ON7yVITDhtdwci0qebnTNqcL6Z_c0LxWE2Q6NxkOn9o93GLE7HRilI0wqduT6RwlJY0Mq6K6XEYHIMU1DQ');
INSERT INTO `xcx_access_token` VALUES ('218', '10_AKAuBgyeg7j6yXjY4TmplXvUkdZ45E0Ubrzmn771czkeRLFreX2jFe5r6edRsw8JF_ajGWdbHEnIC1KG3_LMn1xFNIW9iKDVvEPdvDocG3E5I1-jw6RFXHR_TJX855xXCnMUvUOrgkkcgUX8NSXfAJAUZE', '1527686617', '1527679467', '1', '');
INSERT INTO `xcx_access_token` VALUES ('219', '10_Hwj2hc87if9y8pkYSxeXzgIAXGR0Eb0a9-QlE-9M5hGNC6JSxsP-L7FUTMLxRTPeTxP1R_URW1qfbuDRwiML-KBvcjysHccOwmuroI3tECAtuWbH0KujTR9L4MK2XLksVgp9SRtL3iehXD58XIIaAIAGRR', '1527736074', '1527728924', '0', '');
INSERT INTO `xcx_access_token` VALUES ('220', '10_qrN1DEOYnmV3UkDbVVdB-m0bGCzC2B8jBhIy7zzI_MIO8M4bZsEBuiKlJcCgV1mR4OCXtCzEZSeNcTT-mPDIOlI-DTDLebxiBPWwjuCmIAXd1bf4mVY1GS_sx7h7uH9NoVKVJw4pB6gMotF9TNFhAFAXRJ', '1527741097', '1527733947', '1', 'kgt8ON7yVITDhtdwci0qebnTNqcL6Z_c0LxWE2Q6NxkpqDxBDQBB4roRgrGjQVazewSqGwJuB8WQ8SwzlNqkNA');
INSERT INTO `xcx_access_token` VALUES ('221', '10_8WtvSS4h655Dg_Kp6SmBXnksDa98y-aSEOX1DcfNJuExp78uvnYTYkTyvNU0Vjj3oGmy9TeTEosk5dQLA3D0jSDYcOz3uf8ho3YNN6YrWSOVfgD_NTZG0mMX4TDDKFCpDabKV7FZMy9KA59ZFYUaAJAIBX', '1527758937', '1527751787', '1', '');
INSERT INTO `xcx_access_token` VALUES ('222', '10_YoqxoMJihjQOLmAx4USR2d6FYcbgHpwqHQ1pOdMRwyrFvySoKCWowO8v_PPo8DoqXxdCBi9fKBSBTW1QtYoLz36-bCDsDa0DdTLnvED7l4DEhGFv5bBWrROKNwxsGfX-KehuGz2G_s3UCN6KZYBeAIAONQ', '1527777503', '1527770353', '1', 'kgt8ON7yVITDhtdwci0qebnTNqcL6Z_c0LxWE2Q6NxlDZ52lQdZAprd6rHFIzaCBD6qjbS83hLNSxtWbk5aDNg');
INSERT INTO `xcx_access_token` VALUES ('223', '10_5SnTSIS2FGsoO3JkhRpBl0f4X1Y1vx3wEHEM9AespbvTehjJWCaweL4C1Mg-ObFwI04cinpuh7y3gLZARRZ85bAHCs8W1UEopcn32YU0ari-Xz0n0RaKZF980j70x_vGCsHjr3_pFEpwCGZ4AYHcAHAMKT', '1527824015', '1527816865', '1', 'kgt8ON7yVITDhtdwci0qebnTNqcL6Z_c0LxWE2Q6NxlmduqIXttEp8fJvFSNJ2sQysRzki6ot10y3plYSDP4PQ');
INSERT INTO `xcx_access_token` VALUES ('224', '10_BVdFE__O88cBBx2WZRFGQH3P2ozdzS14K5XZ1b0HZsSXtJaN6lBkDkpgESvzKzy0_WCyjdZzG8MgFRBSobO8pSTOYzEPrStVhM1JLI_RismUmo_PFlxx51JJxufDP9HUlyIKULskGOqMcaIJLYZcAAAZMN', '1527835313', '1527828163', '1', 'kgt8ON7yVITDhtdwci0qebnTNqcL6Z_c0LxWE2Q6Nxm8D6P4WZEBNMw0Y6JhSGg2i4M9el7Shh0e9gnYSCvQ1w');
INSERT INTO `xcx_access_token` VALUES ('225', '10_fp33QSbEMWXkcm_E1gl7P1pth7LxeO7xMao4NzmxVk4LdwEBQWxeGcJpMYrfOcdM6SFo7e-M3EAYLpG5NxTIZf_6J3oHvmjW8oCjbhNO4PqMTDG1sJdsPRBOqsUTEMgACAITB', '1527842770', '1527835620', '1', 'kgt8ON7yVITDhtdwci0qebnTNqcL6Z_c0LxWE2Q6NxlbcQg3MD-81L-Xw_Tw-gWqY3DVcH4u34DZCSSexqrvrQ');
INSERT INTO `xcx_access_token` VALUES ('226', '10_wU7gkWb7EqbEq7q5xcL2ub0jPRGF2CS-UrRAc3icOwjxirXjZhF1fiAGUoy5n65rMfkLE9e6HLPIZu8mKkuLlXPHoU9FIkZGVsSELHrmDRzXEIMk_sPUXkXr_tM6fYQwXNw1475RmxSN0LDDCWYhADAXRT', '1527860577', '1527853427', '1', 'kgt8ON7yVITDhtdwci0qebnTNqcL6Z_c0LxWE2Q6NxmmPuIP-_OzMrZeFrAeClCUEofyTCpDrNpl-X2TVot2LQ');
INSERT INTO `xcx_access_token` VALUES ('227', '10_I3PIjQd9cPqCibLb05ocqXlHF8oa5-9zLWgbjnzCUhrMbbXvyG07krIK5i0u11RAgODIG84kKJchQv1VEnI2co5VDcr6AWW9QbXDeaQvygA9DjcnB7sDbmQUZ2oJvqoshH54WKj15UNFf04aLSYjADATAG', '1527911918', '1527904768', '1', 'kgt8ON7yVITDhtdwci0qebnTNqcL6Z_c0LxWE2Q6NxkCzqXiKhSCYdCr867FoIzbrUDEuKWIiVT8gxoqhgvsyA');
INSERT INTO `xcx_access_token` VALUES ('228', '10_1BIpeU3IM-dDuMGMAENxKXhW7RFpBaCBnd-hJwp_k5AyXkZTl5fE7wX8CWRdYPKHmoLfdl6LHih_MRVWnGUvEwSP8Opvf4Gqz321mvIg76nMntDzKUclY4ELniUSPShAIAEBE', '1527925995', '1527918845', '0', '');
INSERT INTO `xcx_access_token` VALUES ('229', '10_I-_Xe-tLcSUBJDV1VyTq6imZk0GSbsKDtVLSoC60pQHOo0u8-WM9riQFrYV8v03PLuARaiib-G5Lcwr6hHLZDkSlmuSlX2JqnzxpE54CbT1rcnVmDiT91rBROPUwoTTg4801zNv7X94JMmO6ZPZiADANDN', '1527950500', '1527943350', '1', 'kgt8ON7yVITDhtdwci0qebnTNqcL6Z_c0LxWE2Q6NxmS4ZsahoIJ3z80R_W9TKtUvicsGV9SwBOktAIFIwJP3w');
INSERT INTO `xcx_access_token` VALUES ('230', '10_tO8u2jqaRHY1tgIEiZ0DpQh0W_2MLLAbmeiD06wkG8dzko0mMRG_qMDWgMUPUIFY67aagW10hWHiQoAd1C5AS__K__ObnZXRgjCrGCE9yhvX4kSlywkWYUIko7gqoJ8DVC5c8ePbV3RxHKQqAYPiAJADBS', '1527962595', '1527955445', '1', 'kgt8ON7yVITDhtdwci0qebnTNqcL6Z_c0LxWE2Q6NxkAKRj5hCaffrCR2nzEtZNK_va9u7bq2jYrdzL3E_2uXQ');
INSERT INTO `xcx_access_token` VALUES ('231', '10_bVGpCd84bXVzYodwEWDokOF5s_tYuTT4mwDuPDfW6c-9vh1ReABTp5ZAvfAxmHhzX3PcwlwzpcjbF96SVNus63fM0o2IB2nmRlAlGpnoZRMuoXU3CiBP4T_avf13RgZvK5_C6eR4O0KqkDBZGTWaACACPS', '1528033754', '1528026604', '1', 'kgt8ON7yVITDhtdwci0qebnTNqcL6Z_c0LxWE2Q6NxmV1UGfpG_RyjfYvaXoITbfsC1ZtqBU-bW1JYiaI7A14g');
INSERT INTO `xcx_access_token` VALUES ('232', '10_LvQYtySezygqZD3lTZjSfuEdFdZ2O9fTRZmRvrjOc5Mclpy_0S76zNa3rvvmvJaeJ6X97rYPqV-sbnsEAieGKa-3NSlSHrvqEwzmMhHifGz_m1xj71vluSArEN5rPDP6J7tF22MqFAY2EHIfPETdAIAWLA', '1528087729', '1528080579', '1', 'kgt8ON7yVITDhtdwci0qebnTNqcL6Z_c0LxWE2Q6Nxn9ocm8vAON2zPZzmpii9TeLyxw1--CMqDhLY69ZS5KuA');
INSERT INTO `xcx_access_token` VALUES ('233', '10_OqOTEda7LIFSr5i0SPPMnkaOswLC1igm2RegExFIoT4hQ9fEF0UZUmxEdK36461BEGf9FTw27NgcxxBHweyoxN97-s1xjvo4RBi_9TWrtFiPAAsOH8vGqfvWLZoAUGfAIAMGS', '1528090637', '1528083487', '0', '');
INSERT INTO `xcx_access_token` VALUES ('234', '10_UKKfxoFQuMRni8sKr5Ez0cUceeeNDWY826T_SMqL2VyZW-cPzKFJpltBhbelNhZHjU80BzxdF0IJHxNJyKleCjmF7od3IloWR06uKE86TN16b-94AoZWR586GR9q1-iXmXlM7j6fUG4KquIlRGXjACAJYP', '1528352516', '1528345366', '1', '');
INSERT INTO `xcx_access_token` VALUES ('235', '10_JFCtISlFX88wggqsiljLfW2shHRpm36JF7tzpJKGOHE4lpHd72FmauPOKpA4tNVGPL1NxEh6On9TjCo50Mo9QnvmQqkCmzX86gzCLYJfZgxTXIehtJBPeYni67e3tme3nyByQQ088RbAmAkmEAQcAIAYUK', '1528437930', '1528430780', '1', 'kgt8ON7yVITDhtdwci0qebnTNqcL6Z_c0LxWE2Q6Nxk7C_aCl5pJexV_hGn1RrI8Rv9a5_w0my37nuvNr_HqjA');
INSERT INTO `xcx_access_token` VALUES ('236', '10__vuNRBeBmDwmTcCi-mWhuT7TOTvzEOdlFtPMmQjbj94lU7tGMUNNoZg4f2WQwlyzQX2_eCGkzZQpNCFebiHM71RVYG2eLCz_Lh6KKP22pLVojQfytd7HWjOEwFAdpqVbAS9LAy8asMNt1qTANNVhABAEEM', '1528462597', '1528455447', '1', 'kgt8ON7yVITDhtdwci0qebnTNqcL6Z_c0LxWE2Q6NxltEUeexeD43gEfSmMx4T3aMBGuXAj9hb_8ojn060xxWw');
INSERT INTO `xcx_access_token` VALUES ('237', '10_iXY_sRHyb4d-EjhcqfVI45m4mZ5qTuEHJexPKqBDtHhmoI8Vg17Qa3c8AClPIPF2jCrqiG_QmogSnqjX4wsEc1FSPOHoU7dWQ1xkWW-vKOqPTs3vErpopWQl2pSRDoCbO2SiDmt3GcdKMjllOOLaADAHHE', '1528476521', '1528469371', '1', 'kgt8ON7yVITDhtdwci0qebnTNqcL6Z_c0LxWE2Q6NxlSWtlngA8f2onM7sDqeWNPUUomx5fnzMyA8Nk_4IfahA');
INSERT INTO `xcx_access_token` VALUES ('238', '10_4rCVkhkmeDfIlsUFDpjt9T2FXrWb2Uac5y6IS0YcTiM2Q_xU3n99l5jr0VGAuLC08grVqNRvcwHuvElLtQxgUMJ5naIxbo9nqGmOzo8gXJfePrSZpdo1cJAdXFXGMGLRqETVMQbzrnKINjAZROOaAHAFCC', '1528519619', '1528512469', '1', 'kgt8ON7yVITDhtdwci0qebnTNqcL6Z_c0LxWE2Q6NxnCOTA6EuXuDYY18FTIiTNWkX4CLMyn2GM2hPNLgwHe7Q');
INSERT INTO `xcx_access_token` VALUES ('239', '10_QQNujvzBgOz0GZkbyk9ApOJjQUcKbTyljRWeiVXMY68BcBdjZsFo15le_GpmC3MqHBeC7dpTnPg8h_3ajZJrm9iHKWvmSCMutGJLlPKAobXFmhWFgmvWjWLXeubfrCMfGUsAqIkv8_-qRtM1KOLjAGAXBY', '1528527176', '1528520026', '1', 'kgt8ON7yVITDhtdwci0qebnTNqcL6Z_c0LxWE2Q6NxlqLYBCyud8kxpqUG-ENsu_5RFNdSGkzqmbz7y3cGZgTg');
INSERT INTO `xcx_access_token` VALUES ('240', '10_z-7sEOzvD2S4CSSOk4x5alnPu1GUkaXHu_OqeYI6JQgRflaXSeZ9ffksnO4_aelTmX8v41AEE_lgS-sjrJieS19i2D3e-Pp6xzMNkb7N30UWZN4gI2AtlVJUkYYNZNaAEAFRF', '1528534879', '1528527729', '1', 'kgt8ON7yVITDhtdwci0qebnTNqcL6Z_c0LxWE2Q6Nxl6S5hLhFRg_2IZRdTZEju-1JCXHQGX-RzPjL6jlYuSeQ');
INSERT INTO `xcx_access_token` VALUES ('241', '10_8X_xvStotEGANgbdbsVM80yvR3cO7LX-gnfURf13P5IovSAkL6QXAE0h8cabqZvCIxEgWWlNolspDj30coD0LbDC361tvlfzRhTm_ZLe6xAPdf3VaA8-kApL98VGCFkvJSmGaGM7OdvgvKCGSTZgACAOPV', '1528695836', '1528688686', '1', 'kgt8ON7yVITDhtdwci0qebnTNqcL6Z_c0LxWE2Q6NxnbK8-YPwNhtzaO9I3TOgnBTNHY64lxzDXD_QpyzzTO_g');
INSERT INTO `xcx_access_token` VALUES ('242', '10_2JT5O4d6YieNcxysv3gG2MXtzmYD5vWb1YOFkjoSZ2c4xszD7GVrqnNUS1qFZvZSj_hZKDNVLWuljy5m0i_0zqm-JKv35LGvOYS8ZbH0cRpJPJszaDw7eJtztAyTOBIJblgJqHmv4gpz4Kq3HOIfAGARYS', '1528724845', '1528717695', '1', '');
INSERT INTO `xcx_access_token` VALUES ('243', '10_wwPUhROd0nD5MxAC4USR2d6FYcbgHpwqHQ1pOaYNyiUcufH1KCTrqHDerhQRr9LIQNXtfpthVc8ext8iHCvcNBLWzOZqqTnp6h8toqF51039R2qVmaMuX-x2v3K2WfNw1vrix7yVMbTCZNiUOZZiAEAWHH', '1528791914', '1528784764', '1', 'kgt8ON7yVITDhtdwci0qebnTNqcL6Z_c0LxWE2Q6NxmLxAsXFOS_0TrPtw7IiuLmMFwyvOIR64CDni-c9MRYfg');
INSERT INTO `xcx_access_token` VALUES ('244', '10_Q4BS7Wz5H5TXBE3hk-2o0fkPfj6TGgYG3y0uDo_PycfAwEdiwxoz6hOn97ihqAfwcvZY6YXoVAy8oqBYPFmfhGkHmUd9ugTqomlXs95RlAkCUvuqMGEWQt5LZpXRA5P2E-CSw7CvTDx02c8uNXYaAHAIST', '1528882707', '1528875557', '1', 'kgt8ON7yVITDhtdwci0qebnTNqcL6Z_c0LxWE2Q6NxkoFdStq6fGjYmyeKmq18EjwXm4SJqMdCGqPO-tv4XCiw');
INSERT INTO `xcx_access_token` VALUES ('245', '10__08PqMtlddTlEs_Zoa2hd_wisVvXLeCmFo0L-5YoftDK3ldO1vchIWUBKwAvb4SLJtm6au-aaBL3S-ge5LAoNkhFlw1frYQgfBEDksaD5jRgKbBqtN20A78zLzrIKl7gSWsNfQG7gvcKqBxiPZHcAJAKUC', '1528887080', '1528879930', '0', '');
INSERT INTO `xcx_access_token` VALUES ('246', '10_cgfjLGEmql5fJzL6YqbfsZPk0KfKOySxqA7O-xNNG2qNlxGHyfa1C2ud8fu0ip1g7iDxo13mrItxUEo-Ozn6POq4jd_1tlgdu18dv_SxDzzaPeyDFHw6FLX6s1gV5sKnV_Qqjj4QzUAZPc1mKLOeAGACDG', '1528943067', '1528935917', '1', 'kgt8ON7yVITDhtdwci0qebnTNqcL6Z_c0LxWE2Q6Nxl1vQOsyaVx3Sr0qQaQyHDqsTrR-TyBfuKlIGt4TvPcyg');
INSERT INTO `xcx_access_token` VALUES ('247', '10_YST_7sNJ2T3fIeP-19OcMeIoCGCb90QDLpFJJQrdPzBLRXfBqh2hs8tlU69u38jp4juFAEarb1vAitq5tbx2t_ZlBR0aYO_r054a87XHPvPDcz_m778XwKSgYq2Bkd59ouFSV6mLIOcbaTM9WFCbAHAENK', '1529053473', '1529046323', '0', '');
INSERT INTO `xcx_access_token` VALUES ('248', '10_Pm2uuKs-hZPmbbtNIm5LcYouoKCJZfPNIZUOVfi5Rv6xPNYSyIi4ni0IPivoJW5scTAOAPuIFaLL7oQOcda2wQPASFuXGpdQVEVEBm19Daw3K0dIk3HjxxtOBSSsnKXpPzksQZrlhq8lmwPbVQTfAEARMP', '1529058506', '1529051356', '1', 'kgt8ON7yVITDhtdwci0qebnTNqcL6Z_c0LxWE2Q6Nxmhjo8ggsatsS3ZZXFUMvNEMqfCMx_GrDVcp8N6qDZ9lw');
INSERT INTO `xcx_access_token` VALUES ('249', '10_T3sYmMc-fKiADZPrUOHt6TP46BXvbnngJxc1CTghemoNaHds8AlJqSgL5SyEwYG6zA2VWlA6ZQFSm3oj7Plw-1d4wYq-KhhzRWH8yM_rT7mHkBRC8RopW2FNtiI0fQMBcxUCCJAu3frTwcjmFYDdABAATY', '1529065838', '1529058688', '1', 'kgt8ON7yVITDhtdwci0qebnTNqcL6Z_c0LxWE2Q6NxmLQBhIUgzE_tRpwC0sHOEc7yYEn97ipanF-WErKTPksg');
INSERT INTO `xcx_access_token` VALUES ('250', '10_LrsxefAWpKMPdINvXVC3JBfJbIRjjGPw-A4mbrg_RYhoCN0iLc3pD45cYp6FDJEERgh4kO4lZWba0dyJkP3JK6h3Q6q0IO944oevxShRS7at92-k2Mk-_WbLcwrIkzYyNqGEta5E_-Wl12eQHREcACAKUH', '1529090862', '1529083712', '1', 'kgt8ON7yVITDhtdwci0qebnTNqcL6Z_c0LxWE2Q6NxkM-XR9XnZsTCXEx_N_xP3KU3tBQwlfUcfq5cevSvUIkA');
INSERT INTO `xcx_access_token` VALUES ('251', '10_6YcepQqxBKeB7h5WT0hXtF4y3McdkTrHHjNIHlTOygKakcMF-pkZD3TQGsQ2roRG6bcE5cCSPvFml-LWrQlig9b317sZnC-HQKPGdqJkTl2C9gKo_4vI996ZubjXbt8rrMY_uByUeMmxiLHxMBAdABAPED', '1529128496', '1529121346', '1', '');
INSERT INTO `xcx_access_token` VALUES ('252', '10_RHUqoM5mHTjX1vmoQwf3_fom833qXnXCTaBISA51Lny-WR_t4sVeHyUZ3iOFL4QOCtNy3yX7QeOQdiH-uGASY641_UW2nSzdu8kuew5YJiigEm09lG-Na-WZdA9sAE_WpaS_UmSSJUTE1nWWTAUiAGAIPJ', '1529382591', '1529375441', '1', 'kgt8ON7yVITDhtdwci0qebnTNqcL6Z_c0LxWE2Q6NxlF4asbE_XOuobQB6uLFvIcGrboTzlqjXsE-L6Dp9JJmA');
INSERT INTO `xcx_access_token` VALUES ('253', '10_yafXv1QZVoSQSqm1xcL2ub0jPRGF2CS-UrRAc07BDirPaZPErDZ20NRwQxDXP-Snbh_gY8hJpn5G0tmY057CE3qkSe503koSWkyDrlXyfHj_qRtaGVYXmMUYu94IqkYoRIEcrFChMN_6gDWZUHGdAJALYX', '1529393627', '1529386477', '1', 'kgt8ON7yVITDhtdwci0qebnTNqcL6Z_c0LxWE2Q6NxnxlQdqm_4RNa7cQneCj9fo-bZUw7GdbAeKrvyqI5A2Vw');
INSERT INTO `xcx_access_token` VALUES ('254', '10_l3cAWKvPo-TMRbRZLAJL3TNVw54jXOZQY2nESCbJ8Fw6-QiZ91ELqMKSVg0S_3Dw0JT41CEmJ7sFu-wcujbilbeKJ1LpP3M-u97rh7bCWBjLuKssq31FWs-3fsxOYepPucWwHsrLFwsOEEGaXMWdAAAPEO', '1529421284', '1529414134', '1', 'kgt8ON7yVITDhtdwci0qebnTNqcL6Z_c0LxWE2Q6Nxmh85qBq4oozeNTtKxDCe82dWpXrS1b-TO9ew5I50SWiA');
INSERT INTO `xcx_access_token` VALUES ('255', '10_FXFdI5SThL9yzwQZ3NMf6M0JFfdQkLPnCjQjXYImlG9pNWqRicWyueFGHGGvvHdT6MwfaIeO8mLnk-nXQoBncsW6r7ARHhnUdKwMZ560KfBNOFORyM0wt27NMIoXKUhAAACPZ', '1529495986', '1529488836', '1', 'kgt8ON7yVITDhtdwci0qebnTNqcL6Z_c0LxWE2Q6Nxmu7x1j8g43PWDvaGgKQKpSHacO_pfaSkKUw2EPJBTLgA');
INSERT INTO `xcx_access_token` VALUES ('256', '10_uz0351aEPxJLz4-C0laKTfJFW3s0O3X4ddRgJuXPvw5xLmhvJ_MuvEtUQ6lOoKdeXAyK9s8GKnmc7PogXGxx4OFF9rY9AOm7lU22wzS_NAf8ECteOfZlApviwF6J1UfJkjiZEOwa8j3oZiDjDCGgACARQU', '1529507805', '1529500655', '1', '');
INSERT INTO `xcx_access_token` VALUES ('257', '10_iI39v9jFcldldpBvSTF6YHvB6v37z7KLpfBqySBLuaFOOhw9NpYTKXtaHtpYGHDfCdeosL02_0RN5hZekPW7nPPCb8J9OX5Cg8j_ZhNWhprsCRug5ScDbQ1ibAhzXNisn7xQ1VuX3zBpyOdiRAMbABAAJV', '1529522826', '1529515676', '1', 'kgt8ON7yVITDhtdwci0qebnTNqcL6Z_c0LxWE2Q6NxldY4mynahiyFtBwD8yW9TITtIfcMbez8dfCmk2TgP7aA');
INSERT INTO `xcx_access_token` VALUES ('258', '10_E22ZTxKJSGF1u7urU8QdTdZttCaDhMTHcBZcylbwM50Ik7KzEUTL6pwjpBNf3xYHgrozTJ9_MknrSS_tclT_ygqh_hjb2pAoCYpxRM3SxmHNFPKlotwqiViC3GfnBa8SLyETGwNrCDeRg1tVDNRaAHAISW', '1529551870', '1529544720', '1', 'kgt8ON7yVITDhtdwci0qebnTNqcL6Z_c0LxWE2Q6Nxni2u9YtHc9pKufLC_UPhZj6Kvbn_NMU9lATcAhFvBPZA');
INSERT INTO `xcx_access_token` VALUES ('259', '11_61-L1sDv4m33I8lZi3t7JuJ-E4QB16leqUukvwcoVXxWLXxIYIG9lpem3BWcFmwoW_bRr7aR5XHgpuyZlt96I7mEyfcjLhSS8etd1YwQF1pFmG6WuRVnyy_KHEnE_pS9-A34fPMU3MIigpS_TFReAAAJVH', '1529678016', '1529670866', '1', 'kgt8ON7yVITDhtdwci0qebnTNqcL6Z_c0LxWE2Q6NxnKR0YKUcVecNmsN8YKXlWEuJwEj5co4Yo_l-IpPEAdRQ');
INSERT INTO `xcx_access_token` VALUES ('260', '11_YoaovzOsQJFfWTiDVkY1_u3x56JUThSgEPPuVAVLG5ZY2thR20-VXWc4rkidt_HkBaS3E96Gt0bjKAS1q9NuDBGfH_WuNiX7TtzkjHwOLtbSsxuszN5qUu2pk8ibc8meIaFhB4pEoggYM2uLCKYjACAMUI', '1529756612', '1529749462', '1', '');
INSERT INTO `xcx_access_token` VALUES ('261', '11_kav7vqiMyUVMLHO0Ro_G9ACyWztpQmj2hwdKW-ZeW_ZyzMCaJJYJOyKFng5uWyyYjpqY7VCx4ED2glyt-IhXav1aonysKAy7tP5wfiEHyaY4SS9kmeZLb7msrFcWIMeABAOAE', '1529763835', '1529756685', '1', '');
INSERT INTO `xcx_access_token` VALUES ('262', '11_7ennoD8EvzgzqfY28zydnGb35Jhhw4ycw9SVVYqMHqpMKAhtZBh2Ag2q5pZ1gGv5BVWYp25TDY8Dg_bqzqqKpwKQXvlzkf2YUAao6TnV0jQhQiEIelnrE9lb8vjWpR2qOnZVXg1BolIgzh1EIBXfAFAQJF', '1529772142', '1529764992', '1', '');
INSERT INTO `xcx_access_token` VALUES ('263', '11_H5rVCTdYgBs_ipYsDDtVn0zE5h2QEsjmBuUGNYUs56ulLZSWlaHBMzN4d6GGm8P73GMwuAb-IaXDnirYQxs5hQg5uCrOxRzZTAoxTQ_HxDjh3YUcNu-uzHox058DHMSKe9dqwPvlbhASUqIdSPGfAIACZQ', '1529811169', '1529804019', '1', 'kgt8ON7yVITDhtdwci0qebnTNqcL6Z_c0LxWE2Q6NxnIS-YqASiPw8XCK8T_P0Xv0cSXcoVWmuxfT-io53RaDA');
INSERT INTO `xcx_access_token` VALUES ('264', '11_DPeZMdCGGTvRij-Vz-35dMcRZxHX34tPqU8-E5_1a8vZcP0gy4vkFyUdGLdTEORLLM0fEwkJcdUVuXlE9CyZBmBRUIMstdU2fQzMLHzfzgO-TcHS2zRUfcDgOtCDIjz4KfEmbtCUlkNySzP4ZBTaADADFX', '1529913554', '1529906404', '1', 'kgt8ON7yVITDhtdwci0qebnTNqcL6Z_c0LxWE2Q6NxmeKS-mKdtDYcTlmJvt42tTq0XbdzemCa2szXwA66urXg');
INSERT INTO `xcx_access_token` VALUES ('265', '11_T1_DGYF3_pPwsJcjokZN-o1iFp_7ioMV53CIa4CxSkg6Twyr2fDwrKhuIh5CNSHPL6Edi4zpedzxsZ4Y2zpMAJRVtFC02gVCqt8BFnWlzBbDzfgGTT54H2ovH7X_edzgQmV_TJnpTJy0zJOLYROiAJADWT', '1529926044', '1529918894', '1', 'kgt8ON7yVITDhtdwci0qebnTNqcL6Z_c0LxWE2Q6NxkbchMBm7LjmOc6UtQsIUaY2yeQnKNqW8JTsTlN9eSxig');
INSERT INTO `xcx_access_token` VALUES ('266', '11_gyOXGfsH3PoDCvdaoEjeMimL3lrvKrjIvSDfDQE9ha6iGk-9oHatGO0QI0r5sg4AXor8aRQ7SPJW88v92oHxPwMY0-vPdHN3znU0f8IEDBpQwDCyU7ly2xpMHhkKv_kYN8bdbF-5L0byA4tVKSIiADAYGW', '1530183948', '1530176798', '1', 'kgt8ON7yVITDhtdwci0qebnTNqcL6Z_c0LxWE2Q6NxnC6CT0s6NW1Gk3XWeyjmCH7aYQI58Hq2HuIxxk_BxfeA');
INSERT INTO `xcx_access_token` VALUES ('267', '11_w6FUbPXNFGRa6xVKVP9AHPXEmbdh9RiUx_fylpYynimDpfOkMDMF0hsG9No1bAfCg9ID8Qyj3Rv3tLVHwN6rBNSi_iBwbpY1TaBfvr6G2ex6yUG5Bt02sDZJIUKgP4LoBDF46woEbdtr688uCGIbAFAQUW', '1530530542', '1530523392', '1', '');
INSERT INTO `xcx_access_token` VALUES ('268', '11_HwiKnbo3Z_5bt50-Q75Yk3DaGFZmUWpPJEmdpIWImW1jSsXzOBCFsdZh65WwAcAKugSYomMp3SE-cG-avdMxaUYgBTNe_4Cl8v5RrVqPKBpUQ7iXx6dQ01gVXC9iLhVncQ8H_TwHObq7rM7WJLWcAJADFQ', '1530758004', '1530750854', '1', '');
INSERT INTO `xcx_access_token` VALUES ('269', '11_AcO3WzMj9ZKM42fgxJV7QtplB4jkYi2ODewPLIFufrqbNuYTIN_VMF3ZCu0kGUw6rLcnghVf5GPBno5Ggipy-aLWtl2Y_zzEzLZdCAI9MGzmN8reamURR9EsArZemsYAQuzcjgoROgf1bbWkCGWbAJAWAQ', '1530782041', '1530774891', '1', '');
INSERT INTO `xcx_access_token` VALUES ('270', '11_A6bsUPHJ_v2UHbtUQuczSs5FBqAJYI1dzFxo3-fkRvuyOACQdcAtpciUaZcxoeiInbSJ9lmn6sxvtFnOkPPcjcDbuVyoOeg5jHJUgP3TF9KZgsg-aY_P_kAfsjhL7cMqZ2tOJFE94lOsM8_zJPFdADAFLB', '1530800146', '1530792996', '1', 'kgt8ON7yVITDhtdwci0qebnTNqcL6Z_c0LxWE2Q6NxlCZpa_Qu-PWYWYMQCw3ZuxoDMceXxY6wCLEeOt_FfMBQ');
INSERT INTO `xcx_access_token` VALUES ('271', '11_62sGEefRPNDJPCo26xcuQ-hDc7vDrMAg1ElKZZyOUAiZPXr8fwbkICoMXhTu_-8vEMJVfTWv7b3vDt8BpvnwXk7CRqmX424PDak_pUDdDfd8QN99SlrQhjTmkQQGCUiACASOG', '1530812278', '1530805128', '1', 'kgt8ON7yVITDhtdwci0qebnTNqcL6Z_c0LxWE2Q6NxmCu6962M2rITDJEd5TubDDoa0nAlmRIuCxGtNkq6ywvA');
INSERT INTO `xcx_access_token` VALUES ('272', '11_shocZ2D1lFz0wKz8emaYv4CeQeStJkGu6YsLWOj8H9suVrThGJhIAZ3KevLfp9oyXPYVzG52n3h_hP-od8VPyni786bBBlzEip24tsI8Ywg3rC9hQz_20n7UkrVUdlAlahbtl344_MvILiUiYZJaAIANOY', '1530953858', '1530946708', '1', 'kgt8ON7yVITDhtdwci0qebnTNqcL6Z_c0LxWE2Q6NxlticzNd1aSTXNHtE4RQDGY22_6-AiMDmCBHYJJ1IeQGg');
INSERT INTO `xcx_access_token` VALUES ('273', '11_KpwzFiERIY9bZaGu6xcuQ-hDc7vDrMAg1ElKZWrkUH4uQgCrR4o1cl-o-scVCnQ2UQKm9qzSnv4pxmJvKin7czxHvCJ2FSTdNPbmY46k8QdL_ONdIAQoDx0bG_Uddz42o5ns1WbN__9VA9BPFJYgADAUYN', '1531064969', '1531057819', '1', 'kgt8ON7yVITDhtdwci0qebnTNqcL6Z_c0LxWE2Q6NxlSq_IVWW5oLK2u0hvCr2aYu4KWSwxjKaigxtCsSj5s7Q');
INSERT INTO `xcx_access_token` VALUES ('274', '11_l2tbP2S2toXRsjngi3t7JuJ-E4QB16leqUukv2CvEXAhwOGwhDTOyLA9D7zd9VGeGj78i5Pn2YYGXauwT9I6P4sI2Yw-jn771BKXyFKIbjbkjODOneTStKHPnHDP2dD_FPOEWHsG9XNxXIahZFOcADAUAJ', '1531218521', '1531211371', '1', 'kgt8ON7yVITDhtdwci0qebnTNqcL6Z_c0LxWE2Q6NxlfC8e1pKqn27Kogrq1KhZIgG4pxdGOMar30EeEmS7xCw');
INSERT INTO `xcx_access_token` VALUES ('275', '11_7naYhbR5aqKskGQ_KTt3XpTaFz7w7sRoXRYG5bHJAchsKB2-46pnv3WLQpzEn0QfaLRFt_jGD4mPAZEhcgymQWaiYvdZFj6hRMLsnzwNs24YIt7J_2KkLPyrCu_cBBUN-gKFRIeeZOqOlGKdHHKfAAAAAD', '1531246847', '1531239697', '1', 'kgt8ON7yVITDhtdwci0qebnTNqcL6Z_c0LxWE2Q6NxnjB4qXQKosNy9_8L8137DT2BoeqLGEpYcyqhERnpEKzg');
INSERT INTO `xcx_access_token` VALUES ('276', '11_hzCl0sxYZXoPHQfUGflMGDVl9GlOVrLzidcdvDlNK65YEo_dV388t0fulOERQqZeF3m340XcMTIw8Y3U7pLsHV1i1bL-_9t8UPdUPFZphZs-_iu_sLdCjiszDfFrJwQSVdvLeMlVlpVHRXgfBNAbAAAWIV', '1531289135', '1531281985', '1', 'kgt8ON7yVITDhtdwci0qebnTNqcL6Z_c0LxWE2Q6Nxmrjjo62IFGZfxuaLCItd7DKbLQUJvmvyVeIlmJ7X1SAQ');

-- ----------------------------
-- Table structure for xcx_action
-- ----------------------------
DROP TABLE IF EXISTS `xcx_action`;
CREATE TABLE `xcx_action` (
  `id` int(11) unsigned NOT NULL AUTO_INCREMENT COMMENT '主键',
  `name` char(30) NOT NULL DEFAULT '' COMMENT '行为唯一标识',
  `title` char(80) NOT NULL DEFAULT '' COMMENT '行为说明',
  `remark` char(140) NOT NULL DEFAULT '' COMMENT '行为描述',
  `rule` text NOT NULL COMMENT '行为规则',
  `log` text NOT NULL COMMENT '日志规则',
  `type` tinyint(2) unsigned NOT NULL DEFAULT '1' COMMENT '类型',
  `status` tinyint(2) NOT NULL DEFAULT '0' COMMENT '状态',
  `update_time` int(11) unsigned NOT NULL DEFAULT '0' COMMENT '修改时间',
  PRIMARY KEY (`id`)
) ENGINE=MyISAM AUTO_INCREMENT=12 DEFAULT CHARSET=utf8 ROW_FORMAT=DYNAMIC COMMENT='系统行为表';

-- ----------------------------
-- Records of xcx_action
-- ----------------------------
INSERT INTO `xcx_action` VALUES ('1', 'user_login', '用户登录', '积分+10，每天一次', 'table:member|field:score|condition:uid={$self} AND status>-1|rule:score+10|cycle:24|max:1;', '[user|get_nickname]在[time|time_format]登录了后台', '1', '1', '1387181220');
INSERT INTO `xcx_action` VALUES ('2', 'add_article', '发布文章', '积分+5，每天上限5次', 'table:member|field:score|condition:uid={$self}|rule:score+5|cycle:24|max:5', '', '2', '0', '1380173180');
INSERT INTO `xcx_action` VALUES ('3', 'review', '评论', '评论积分+1，无限制', 'table:member|field:score|condition:uid={$self}|rule:score+1', '', '2', '1', '1383285646');
INSERT INTO `xcx_action` VALUES ('4', 'add_document', '发表文档', '积分+10，每天上限5次', 'table:member|field:score|condition:uid={$self}|rule:score+10|cycle:24|max:5', '[user|get_nickname]在[time|time_format]发表了一篇文章。\r\n表[model]，记录编号[record]。', '2', '0', '1386139726');
INSERT INTO `xcx_action` VALUES ('5', 'add_document_topic', '发表讨论', '积分+5，每天上限10次', 'table:member|field:score|condition:uid={$self}|rule:score+5|cycle:24|max:10', '', '2', '0', '1383285551');
INSERT INTO `xcx_action` VALUES ('6', 'update_config', '更新配置', '新增或修改或删除配置', '', '', '1', '1', '1383294988');
INSERT INTO `xcx_action` VALUES ('7', 'update_model', '更新模型', '新增或修改模型', '', '', '1', '1', '1383295057');
INSERT INTO `xcx_action` VALUES ('8', 'update_attribute', '更新属性', '新增或更新或删除属性', '', '', '1', '1', '1383295963');
INSERT INTO `xcx_action` VALUES ('9', 'update_channel', '更新导航', '新增或修改或删除导航', '', '', '1', '1', '1383296301');
INSERT INTO `xcx_action` VALUES ('10', 'update_menu', '更新菜单', '新增或修改或删除菜单', '', '', '1', '1', '1383296392');
INSERT INTO `xcx_action` VALUES ('11', 'update_category', '更新分类', '新增或修改或删除分类', '', '', '1', '1', '1383296765');

-- ----------------------------
-- Table structure for xcx_action_log
-- ----------------------------
DROP TABLE IF EXISTS `xcx_action_log`;
CREATE TABLE `xcx_action_log` (
  `id` int(10) unsigned NOT NULL AUTO_INCREMENT COMMENT '主键',
  `action_id` int(10) unsigned NOT NULL DEFAULT '0' COMMENT '行为id',
  `user_id` int(10) unsigned NOT NULL DEFAULT '0' COMMENT '执行用户id',
  `action_ip` bigint(20) NOT NULL COMMENT '执行行为者ip',
  `model` varchar(50) NOT NULL DEFAULT '' COMMENT '触发行为的表',
  `record_id` int(10) unsigned NOT NULL DEFAULT '0' COMMENT '触发行为的数据id',
  `remark` varchar(255) NOT NULL DEFAULT '' COMMENT '日志备注',
  `status` tinyint(2) NOT NULL DEFAULT '1' COMMENT '状态',
  `create_time` int(10) unsigned NOT NULL DEFAULT '0' COMMENT '执行行为的时间',
  PRIMARY KEY (`id`),
  KEY `action_ip_ix` (`action_ip`),
  KEY `action_id_ix` (`action_id`),
  KEY `user_id_ix` (`user_id`)
) ENGINE=MyISAM AUTO_INCREMENT=98 DEFAULT CHARSET=utf8 ROW_FORMAT=FIXED COMMENT='行为日志表';

-- ----------------------------
-- Records of xcx_action_log
-- ----------------------------
INSERT INTO `xcx_action_log` VALUES ('1', '1', '1', '2130706433', 'member', '1', 'qiaoyuok在2018-03-22 15:45登录了后台', '1', '1521704750');
INSERT INTO `xcx_action_log` VALUES ('2', '1', '1', '2130706433', 'member', '1', 'qiaoyuok在2018-03-23 11:29登录了后台', '1', '1521775774');
INSERT INTO `xcx_action_log` VALUES ('3', '1', '1', '2130706433', 'member', '1', 'qiaoyuok在2018-03-23 11:36登录了后台', '1', '1521776209');
INSERT INTO `xcx_action_log` VALUES ('4', '10', '1', '2130706433', 'Menu', '122', '操作url：/index.php?s=/admin/menu/add.html', '1', '1521777263');
INSERT INTO `xcx_action_log` VALUES ('5', '10', '1', '2130706433', 'Menu', '16', '操作url：/index.php?s=/admin/menu/edit.html', '1', '1521777275');
INSERT INTO `xcx_action_log` VALUES ('6', '1', '1', '1018200451', 'member', '1', 'qiaoyuok在2018-04-09 16:11登录了后台', '1', '1523261480');
INSERT INTO `xcx_action_log` VALUES ('7', '1', '1', '1018200372', 'member', '1', 'qiaoyuok在2018-04-11 11:17登录了后台', '1', '1523416647');
INSERT INTO `xcx_action_log` VALUES ('8', '1', '1', '1018200372', 'member', '1', 'qiaoyuok在2018-04-11 14:49登录了后台', '1', '1523429358');
INSERT INTO `xcx_action_log` VALUES ('9', '10', '1', '1018200372', 'Menu', '68', '操作url：/index.php?s=/Admin/Menu/edit.html', '1', '1523429437');
INSERT INTO `xcx_action_log` VALUES ('10', '1', '1', '1903073627', 'member', '1', 'qiaoyuok在2018-04-11 21:13登录了后台', '1', '1523452383');
INSERT INTO `xcx_action_log` VALUES ('11', '1', '1', '2105098274', 'member', '1', 'qiaoyuok在2018-04-25 14:46登录了后台', '1', '1524638782');
INSERT INTO `xcx_action_log` VALUES ('12', '10', '1', '2105098274', 'Menu', '127', '操作url：/index.php?s=/Admin/Menu/add.html', '1', '1524639737');
INSERT INTO `xcx_action_log` VALUES ('13', '10', '1', '2105098274', 'Menu', '127', '操作url：/index.php?s=/Admin/Menu/edit.html', '1', '1524640004');
INSERT INTO `xcx_action_log` VALUES ('14', '1', '1', '1018200150', 'member', '1', 'qiaoyuok在2018-04-26 17:29登录了后台', '1', '1524734944');
INSERT INTO `xcx_action_log` VALUES ('15', '1', '1', '1018200150', 'member', '1', 'qiaoyuok在2018-04-27 14:59登录了后台', '1', '1524812359');
INSERT INTO `xcx_action_log` VALUES ('16', '1', '1', '1018200150', 'member', '1', 'qiaoyuok在2018-04-27 15:17登录了后台', '1', '1524813436');
INSERT INTO `xcx_action_log` VALUES ('17', '1', '1', '1018200150', 'member', '1', 'qiaoyuok在2018-04-27 15:26登录了后台', '1', '1524813960');
INSERT INTO `xcx_action_log` VALUES ('18', '1', '1', '2004591823', 'member', '1', 'qiaoyuok在2018-04-27 17:08登录了后台', '1', '1524820087');
INSERT INTO `xcx_action_log` VALUES ('19', '1', '1', '1018200150', 'member', '1', 'qiaoyuok在2018-04-27 17:20登录了后台', '1', '1524820810');
INSERT INTO `xcx_action_log` VALUES ('20', '1', '1', '1018200150', 'member', '1', 'qiaoyuok在2018-04-27 17:46登录了后台', '1', '1524822407');
INSERT INTO `xcx_action_log` VALUES ('21', '1', '1', '1018200150', 'member', '1', 'qiaoyuok在2018-04-27 18:40登录了后台', '1', '1524825612');
INSERT INTO `xcx_action_log` VALUES ('22', '1', '1', '1018200150', 'member', '1', 'qiaoyuok在2018-04-27 18:54登录了后台', '1', '1524826468');
INSERT INTO `xcx_action_log` VALUES ('23', '1', '1', '1879768204', 'member', '1', 'qiaoyuok在2018-04-27 19:30登录了后台', '1', '1524828649');
INSERT INTO `xcx_action_log` VALUES ('24', '1', '1', '1018200150', 'member', '1', 'qiaoyuok在2018-04-27 22:18登录了后台', '1', '1524838710');
INSERT INTO `xcx_action_log` VALUES ('25', '1', '1', '1018200150', 'member', '1', 'qiaoyuok在2018-04-28 09:29登录了后台', '1', '1524878946');
INSERT INTO `xcx_action_log` VALUES ('26', '1', '1', '1018200150', 'member', '1', 'qiaoyuok在2018-04-28 11:59登录了后台', '1', '1524887986');
INSERT INTO `xcx_action_log` VALUES ('27', '1', '1', '-1223857659', 'member', '1', 'qiaoyuok在2018-04-28 12:18登录了后台', '1', '1524889092');
INSERT INTO `xcx_action_log` VALUES ('28', '1', '1', '605028956', 'member', '1', 'qiaoyuok在2018-04-28 15:57登录了后台', '1', '1524902239');
INSERT INTO `xcx_action_log` VALUES ('29', '1', '1', '-899308290', 'member', '1', 'qiaoyuok在2018-04-28 16:03登录了后台', '1', '1524902637');
INSERT INTO `xcx_action_log` VALUES ('30', '1', '1', '1942541639', 'member', '1', 'qiaoyuok在2018-04-28 18:38登录了后台', '1', '1524911913');
INSERT INTO `xcx_action_log` VALUES ('31', '1', '2', '1942541639', 'member', '2', 'wahaha在2018-04-28 18:41登录了后台', '1', '1524912102');
INSERT INTO `xcx_action_log` VALUES ('32', '1', '1', '1942541639', 'member', '1', 'qiaoyuok在2018-04-28 18:42登录了后台', '1', '1524912175');
INSERT INTO `xcx_action_log` VALUES ('33', '1', '2', '1942541639', 'member', '2', 'wahaha在2018-04-28 18:45登录了后台', '1', '1524912309');
INSERT INTO `xcx_action_log` VALUES ('34', '1', '2', '1942541639', 'member', '2', 'wahaha在2018-04-28 18:49登录了后台', '1', '1524912583');
INSERT INTO `xcx_action_log` VALUES ('35', '1', '1', '1879768204', 'member', '1', 'qiaoyuok在2018-04-29 11:13登录了后台', '1', '1524971608');
INSERT INTO `xcx_action_log` VALUES ('36', '1', '3', '1879768204', 'member', '3', 'Marvin1在2018-04-29 11:15登录了后台', '1', '1524971733');
INSERT INTO `xcx_action_log` VALUES ('37', '1', '3', '1901642796', 'member', '3', 'Marvin1在2018-04-29 11:16登录了后台', '1', '1524971789');
INSERT INTO `xcx_action_log` VALUES ('38', '1', '1', '1879768204', 'member', '1', 'qiaoyuok在2018-04-29 11:26登录了后台', '1', '1524972419');
INSERT INTO `xcx_action_log` VALUES ('39', '1', '1', '1942541639', 'member', '1', 'qiaoyuok在2018-05-02 10:04登录了后台', '1', '1525226642');
INSERT INTO `xcx_action_log` VALUES ('40', '10', '1', '1942541639', 'Menu', '129', '操作url：/index.php?s=/Admin/Menu/add.html', '1', '1525226828');
INSERT INTO `xcx_action_log` VALUES ('41', '10', '1', '1942541639', 'Menu', '130', '操作url：/index.php?s=/Admin/Menu/add.html', '1', '1525226934');
INSERT INTO `xcx_action_log` VALUES ('42', '10', '1', '1942541639', 'Menu', '131', '操作url：/index.php?s=/Admin/Menu/add.html', '1', '1525227024');
INSERT INTO `xcx_action_log` VALUES ('43', '10', '1', '1942541639', 'Menu', '132', '操作url：/index.php?s=/Admin/Menu/add.html', '1', '1525227106');
INSERT INTO `xcx_action_log` VALUES ('44', '10', '1', '1942541639', 'Menu', '133', '操作url：/index.php?s=/Admin/Menu/add.html', '1', '1525227132');
INSERT INTO `xcx_action_log` VALUES ('45', '10', '1', '1942541639', 'Menu', '134', '操作url：/index.php?s=/Admin/Menu/add.html', '1', '1525227169');
INSERT INTO `xcx_action_log` VALUES ('46', '1', '1', '2062124952', 'member', '1', 'qiaoyuok在2018-05-02 16:29登录了后台', '1', '1525249742');
INSERT INTO `xcx_action_log` VALUES ('47', '1', '1', '1879768275', 'member', '1', 'qiaoyuok在2018-05-02 19:29登录了后台', '1', '1525260569');
INSERT INTO `xcx_action_log` VALUES ('48', '1', '1', '1879768275', 'member', '1', 'qiaoyuok在2018-05-02 19:47登录了后台', '1', '1525261632');
INSERT INTO `xcx_action_log` VALUES ('49', '1', '1', '1879768275', 'member', '1', 'qiaoyuok在2018-05-02 19:55登录了后台', '1', '1525262128');
INSERT INTO `xcx_action_log` VALUES ('50', '1', '1', '2062124091', 'member', '1', 'qiaoyuok在2018-05-07 09:41登录了后台', '1', '1525657271');
INSERT INTO `xcx_action_log` VALUES ('51', '1', '1', '2062124091', 'member', '1', 'qiaoyuok在2018-05-09 11:34登录了后台', '1', '1525836884');
INSERT INTO `xcx_action_log` VALUES ('52', '1', '1', '605583839', 'member', '1', 'qiaoyuok在2018-05-10 18:40登录了后台', '1', '1525948846');
INSERT INTO `xcx_action_log` VALUES ('53', '1', '1', '605583839', 'member', '1', 'qiaoyuok在2018-05-11 09:42登录了后台', '1', '1526002974');
INSERT INTO `xcx_action_log` VALUES ('54', '1', '1', '-1357850418', 'member', '1', 'qiaoyuok在2018-05-16 16:55登录了后台', '1', '1526460923');
INSERT INTO `xcx_action_log` VALUES ('55', '1', '1', '-559382635', 'member', '1', 'qiaoyuok在2018-05-20 00:52登录了后台', '1', '1526748723');
INSERT INTO `xcx_action_log` VALUES ('56', '1', '1', '-559382635', 'member', '1', 'qiaoyuok在2018-05-20 11:41登录了后台', '1', '1526787706');
INSERT INTO `xcx_action_log` VALUES ('57', '1', '1', '-1356882362', 'member', '1', 'qiaoyuok在2018-05-23 20:38登录了后台', '1', '1527079081');
INSERT INTO `xcx_action_log` VALUES ('58', '1', '1', '-1357850418', 'member', '1', 'qiaoyuok在2018-05-27 15:04登录了后台', '1', '1527404643');
INSERT INTO `xcx_action_log` VALUES ('59', '1', '1', '1942389333', 'member', '1', 'qiaoyuok在2018-05-27 15:42登录了后台', '1', '1527406955');
INSERT INTO `xcx_action_log` VALUES ('60', '1', '1', '-1357850418', 'member', '1', 'qiaoyuok在2018-05-28 16:33登录了后台', '1', '1527496411');
INSERT INTO `xcx_action_log` VALUES ('61', '1', '1', '-559382635', 'member', '1', 'qiaoyuok在2018-05-29 09:45登录了后台', '1', '1527558315');
INSERT INTO `xcx_action_log` VALUES ('62', '1', '1', '1018199974', 'member', '1', 'qiaoyuok在2018-05-29 10:02登录了后台', '1', '1527559352');
INSERT INTO `xcx_action_log` VALUES ('63', '1', '1', '-559382635', 'member', '1', 'qiaoyuok在2018-05-30 09:16登录了后台', '1', '1527642975');
INSERT INTO `xcx_action_log` VALUES ('64', '1', '1', '1942389708', 'member', '1', 'qiaoyuok在2018-05-31 10:45登录了后台', '1', '1527734723');
INSERT INTO `xcx_action_log` VALUES ('65', '1', '1', '1942389708', 'member', '1', 'qiaoyuok在2018-05-31 17:37登录了后台', '1', '1527759460');
INSERT INTO `xcx_action_log` VALUES ('66', '1', '1', '-1357850418', 'member', '1', 'qiaoyuok在2018-06-01 11:36登录了后台', '1', '1527824211');
INSERT INTO `xcx_action_log` VALUES ('67', '1', '1', '-1357850418', 'member', '1', 'qiaoyuok在2018-06-03 11:01登录了后台', '1', '1527994887');
INSERT INTO `xcx_action_log` VALUES ('68', '1', '1', '-1357850418', 'member', '1', 'qiaoyuok在2018-06-03 19:52登录了后台', '1', '1528026725');
INSERT INTO `xcx_action_log` VALUES ('69', '1', '3', '2004592558', 'member', '3', 'Marvin1在2018-06-04 12:01登录了后台', '1', '1528084874');
INSERT INTO `xcx_action_log` VALUES ('70', '1', '3', '2004592558', 'member', '3', 'Marvin1在2018-06-04 12:02登录了后台', '1', '1528084933');
INSERT INTO `xcx_action_log` VALUES ('71', '1', '1', '-1357850418', 'member', '1', 'qiaoyuok在2018-06-04 12:03登录了后台', '1', '1528085014');
INSERT INTO `xcx_action_log` VALUES ('72', '1', '1', '-1357850418', 'member', '1', 'qiaoyuok在2018-06-04 12:06登录了后台', '1', '1528085171');
INSERT INTO `xcx_action_log` VALUES ('73', '1', '1', '2004592558', 'member', '1', 'qiaoyuok在2018-06-04 12:06登录了后台', '1', '1528085200');
INSERT INTO `xcx_action_log` VALUES ('74', '1', '1', '-1357850418', 'member', '1', 'qiaoyuok在2018-06-04 12:59登录了后台', '1', '1528088340');
INSERT INTO `xcx_action_log` VALUES ('75', '1', '1', '-1357850418', 'member', '1', 'qiaoyuok在2018-06-04 13:00登录了后台', '1', '1528088404');
INSERT INTO `xcx_action_log` VALUES ('76', '1', '1', '-1357850418', 'member', '1', 'qiaoyuok在2018-06-06 09:05登录了后台', '1', '1528247137');
INSERT INTO `xcx_action_log` VALUES ('77', '1', '1', '-1357850418', 'member', '1', 'qiaoyuok在2018-06-06 15:30登录了后台', '1', '1528270238');
INSERT INTO `xcx_action_log` VALUES ('78', '1', '1', '1901642937', 'member', '1', 'qiaoyuok在2018-06-09 11:00登录了后台', '1', '1528513234');
INSERT INTO `xcx_action_log` VALUES ('79', '1', '1', '-591901947', 'member', '1', 'qiaoyuok在2018-06-11 11:57登录了后台', '1', '1528689461');
INSERT INTO `xcx_action_log` VALUES ('80', '1', '1', '-591901947', 'member', '1', 'qiaoyuok在2018-06-11 19:34登录了后台', '1', '1528716889');
INSERT INTO `xcx_action_log` VALUES ('81', '1', '1', '-1223799781', 'member', '1', 'qiaoyuok在2018-06-13 15:07登录了后台', '1', '1528873652');
INSERT INTO `xcx_action_log` VALUES ('82', '1', '1', '-1357850418', 'member', '1', 'qiaoyuok在2018-06-13 15:20登录了后台', '1', '1528874405');
INSERT INTO `xcx_action_log` VALUES ('83', '1', '1', '-1357850418', 'member', '1', 'qiaoyuok在2018-06-13 15:36登录了后台', '1', '1528875407');
INSERT INTO `xcx_action_log` VALUES ('84', '1', '1', '-1223799781', 'member', '1', 'qiaoyuok在2018-06-13 16:04登录了后台', '1', '1528877058');
INSERT INTO `xcx_action_log` VALUES ('85', '1', '1', '605750451', 'member', '1', 'qiaoyuok在2018-06-13 16:37登录了后台', '1', '1528879026');
INSERT INTO `xcx_action_log` VALUES ('86', '1', '1', '605750451', 'member', '1', 'qiaoyuok在2018-06-13 16:44登录了后台', '1', '1528879486');
INSERT INTO `xcx_action_log` VALUES ('87', '1', '1', '-1357850418', 'member', '1', 'qiaoyuok在2018-06-13 16:52登录了后台', '1', '1528879968');
INSERT INTO `xcx_action_log` VALUES ('88', '1', '1', '1901643193', 'member', '1', 'qiaoyuok在2018-06-15 15:15登录了后台', '1', '1529046943');
INSERT INTO `xcx_action_log` VALUES ('89', '1', '1', '605750451', 'member', '1', 'qiaoyuok在2018-06-20 18:02登录了后台', '1', '1529488951');
INSERT INTO `xcx_action_log` VALUES ('90', '1', '1', '-591902883', 'member', '1', 'qiaoyuok在2018-06-28 16:13登录了后台', '1', '1530173587');
INSERT INTO `xcx_action_log` VALUES ('91', '1', '1', '605593328', 'member', '1', 'qiaoyuok在2018-07-04 09:20登录了后台', '1', '1530667238');
INSERT INTO `xcx_action_log` VALUES ('92', '1', '1', '-591435222', 'member', '1', 'qiaoyuok在2018-07-08 22:53登录了后台', '1', '1531061580');
INSERT INTO `xcx_action_log` VALUES ('93', '1', '1', '1901643432', 'member', '1', 'qiaoyuok在2018-07-08 22:57登录了后台', '1', '1531061837');
INSERT INTO `xcx_action_log` VALUES ('94', '1', '1', '1901643432', 'member', '1', 'qiaoyuok在2018-07-08 23:06登录了后台', '1', '1531062376');
INSERT INTO `xcx_action_log` VALUES ('95', '1', '1', '2004592513', 'member', '1', 'qiaoyuok在2018-07-10 16:16登录了后台', '1', '1531210561');
INSERT INTO `xcx_action_log` VALUES ('96', '1', '1', '1942389033', 'member', '1', 'qiaoyuok在2018-07-10 16:22登录了后台', '1', '1531210938');
INSERT INTO `xcx_action_log` VALUES ('97', '1', '1', '1942389033', 'member', '1', 'qiaoyuok在2018-07-10 16:23登录了后台', '1', '1531210990');

-- ----------------------------
-- Table structure for xcx_addons
-- ----------------------------
DROP TABLE IF EXISTS `xcx_addons`;
CREATE TABLE `xcx_addons` (
  `id` int(10) unsigned NOT NULL AUTO_INCREMENT COMMENT '主键',
  `name` varchar(40) NOT NULL COMMENT '插件名或标识',
  `title` varchar(20) NOT NULL DEFAULT '' COMMENT '中文名',
  `description` text COMMENT '插件描述',
  `status` tinyint(1) NOT NULL DEFAULT '1' COMMENT '状态',
  `config` text COMMENT '配置',
  `author` varchar(40) DEFAULT '' COMMENT '作者',
  `version` varchar(20) DEFAULT '' COMMENT '版本号',
  `create_time` int(10) unsigned NOT NULL DEFAULT '0' COMMENT '安装时间',
  `has_adminlist` tinyint(1) unsigned NOT NULL DEFAULT '0' COMMENT '是否有后台列表',
  PRIMARY KEY (`id`)
) ENGINE=MyISAM AUTO_INCREMENT=16 DEFAULT CHARSET=utf8 COMMENT='插件表';

-- ----------------------------
-- Records of xcx_addons
-- ----------------------------
INSERT INTO `xcx_addons` VALUES ('15', 'EditorForAdmin', '后台编辑器', '用于增强整站长文本的输入和显示', '1', '{\"editor_type\":\"2\",\"editor_wysiwyg\":\"1\",\"editor_height\":\"500px\",\"editor_resize_type\":\"1\"}', 'thinkphp', '0.1', '1383126253', '0');
INSERT INTO `xcx_addons` VALUES ('2', 'SiteStat', '站点统计信息', '统计站点的基础信息', '1', '{\"title\":\"\\u7cfb\\u7edf\\u4fe1\\u606f\",\"width\":\"1\",\"display\":\"1\",\"status\":\"0\"}', 'thinkphp', '0.1', '1379512015', '0');
INSERT INTO `xcx_addons` VALUES ('3', 'DevTeam', '开发团队信息', '开发团队成员信息', '1', '{\"title\":\"OneThink\\u5f00\\u53d1\\u56e2\\u961f\",\"width\":\"2\",\"display\":\"1\"}', 'thinkphp', '0.1', '1379512022', '0');
INSERT INTO `xcx_addons` VALUES ('4', 'SystemInfo', '系统环境信息', '用于显示一些服务器的信息', '1', '{\"title\":\"\\u7cfb\\u7edf\\u4fe1\\u606f\",\"width\":\"2\",\"display\":\"1\"}', 'thinkphp', '0.1', '1379512036', '0');
INSERT INTO `xcx_addons` VALUES ('5', 'Editor', '前台编辑器', '用于增强整站长文本的输入和显示', '1', '{\"editor_type\":\"2\",\"editor_wysiwyg\":\"1\",\"editor_height\":\"300px\",\"editor_resize_type\":\"1\"}', 'thinkphp', '0.1', '1379830910', '0');
INSERT INTO `xcx_addons` VALUES ('6', 'Attachment', '附件', '用于文档模型上传附件', '1', 'null', 'thinkphp', '0.1', '1379842319', '1');
INSERT INTO `xcx_addons` VALUES ('9', 'SocialComment', '通用社交化评论', '集成了各种社交化评论插件，轻松集成到系统中。', '1', '{\"comment_type\":\"1\",\"comment_uid_youyan\":\"\",\"comment_short_name_duoshuo\":\"\",\"comment_data_list_duoshuo\":\"\"}', 'thinkphp', '0.1', '1380273962', '0');

-- ----------------------------
-- Table structure for xcx_attachment
-- ----------------------------
DROP TABLE IF EXISTS `xcx_attachment`;
CREATE TABLE `xcx_attachment` (
  `id` int(10) unsigned NOT NULL AUTO_INCREMENT,
  `uid` int(10) unsigned NOT NULL DEFAULT '0' COMMENT '用户ID',
  `title` char(30) NOT NULL DEFAULT '' COMMENT '附件显示名',
  `type` tinyint(3) unsigned NOT NULL DEFAULT '0' COMMENT '附件类型',
  `source` int(10) unsigned NOT NULL DEFAULT '0' COMMENT '资源ID',
  `record_id` int(10) unsigned NOT NULL DEFAULT '0' COMMENT '关联记录ID',
  `download` int(10) unsigned NOT NULL DEFAULT '0' COMMENT '下载次数',
  `size` bigint(20) unsigned NOT NULL DEFAULT '0' COMMENT '附件大小',
  `dir` int(12) unsigned NOT NULL DEFAULT '0' COMMENT '上级目录ID',
  `sort` int(8) unsigned NOT NULL DEFAULT '0' COMMENT '排序',
  `create_time` int(10) unsigned NOT NULL DEFAULT '0' COMMENT '创建时间',
  `update_time` int(11) unsigned NOT NULL DEFAULT '0' COMMENT '更新时间',
  `status` tinyint(1) NOT NULL DEFAULT '0' COMMENT '状态',
  PRIMARY KEY (`id`),
  KEY `idx_record_status` (`record_id`,`status`)
) ENGINE=MyISAM DEFAULT CHARSET=utf8 COMMENT='附件表';

-- ----------------------------
-- Records of xcx_attachment
-- ----------------------------

-- ----------------------------
-- Table structure for xcx_attribute
-- ----------------------------
DROP TABLE IF EXISTS `xcx_attribute`;
CREATE TABLE `xcx_attribute` (
  `id` int(10) unsigned NOT NULL AUTO_INCREMENT,
  `name` varchar(30) NOT NULL DEFAULT '' COMMENT '字段名',
  `title` varchar(100) NOT NULL DEFAULT '' COMMENT '字段注释',
  `field` varchar(100) NOT NULL DEFAULT '' COMMENT '字段定义',
  `type` varchar(20) NOT NULL DEFAULT '' COMMENT '数据类型',
  `value` varchar(100) NOT NULL DEFAULT '' COMMENT '字段默认值',
  `remark` varchar(100) NOT NULL DEFAULT '' COMMENT '备注',
  `is_show` tinyint(1) unsigned NOT NULL DEFAULT '1' COMMENT '是否显示',
  `extra` varchar(255) NOT NULL DEFAULT '' COMMENT '参数',
  `model_id` int(10) unsigned NOT NULL DEFAULT '0' COMMENT '模型id',
  `is_must` tinyint(1) unsigned NOT NULL DEFAULT '0' COMMENT '是否必填',
  `status` tinyint(2) NOT NULL DEFAULT '0' COMMENT '状态',
  `update_time` int(11) unsigned NOT NULL DEFAULT '0' COMMENT '更新时间',
  `create_time` int(11) unsigned NOT NULL DEFAULT '0' COMMENT '创建时间',
  `validate_rule` varchar(255) NOT NULL,
  `validate_time` tinyint(1) unsigned NOT NULL,
  `error_info` varchar(100) NOT NULL,
  `validate_type` varchar(25) NOT NULL,
  `auto_rule` varchar(100) NOT NULL,
  `auto_time` tinyint(1) unsigned NOT NULL,
  `auto_type` varchar(25) NOT NULL,
  PRIMARY KEY (`id`),
  KEY `model_id` (`model_id`)
) ENGINE=MyISAM AUTO_INCREMENT=33 DEFAULT CHARSET=utf8 COMMENT='模型属性表';

-- ----------------------------
-- Records of xcx_attribute
-- ----------------------------
INSERT INTO `xcx_attribute` VALUES ('1', 'uid', '用户ID', 'int(10) unsigned NOT NULL ', 'num', '0', '', '0', '', '1', '0', '1', '1384508362', '1383891233', '', '0', '', '', '', '0', '');
INSERT INTO `xcx_attribute` VALUES ('2', 'name', '标识', 'char(40) NOT NULL ', 'string', '', '同一根节点下标识不重复', '1', '', '1', '0', '1', '1383894743', '1383891233', '', '0', '', '', '', '0', '');
INSERT INTO `xcx_attribute` VALUES ('3', 'title', '标题', 'char(80) NOT NULL ', 'string', '', '文档标题', '1', '', '1', '0', '1', '1383894778', '1383891233', '', '0', '', '', '', '0', '');
INSERT INTO `xcx_attribute` VALUES ('4', 'category_id', '所属分类', 'int(10) unsigned NOT NULL ', 'string', '', '', '0', '', '1', '0', '1', '1384508336', '1383891233', '', '0', '', '', '', '0', '');
INSERT INTO `xcx_attribute` VALUES ('5', 'description', '描述', 'char(140) NOT NULL ', 'textarea', '', '', '1', '', '1', '0', '1', '1383894927', '1383891233', '', '0', '', '', '', '0', '');
INSERT INTO `xcx_attribute` VALUES ('6', 'root', '根节点', 'int(10) unsigned NOT NULL ', 'num', '0', '该文档的顶级文档编号', '0', '', '1', '0', '1', '1384508323', '1383891233', '', '0', '', '', '', '0', '');
INSERT INTO `xcx_attribute` VALUES ('7', 'pid', '所属ID', 'int(10) unsigned NOT NULL ', 'num', '0', '父文档编号', '0', '', '1', '0', '1', '1384508543', '1383891233', '', '0', '', '', '', '0', '');
INSERT INTO `xcx_attribute` VALUES ('8', 'model_id', '内容模型ID', 'tinyint(3) unsigned NOT NULL ', 'num', '0', '该文档所对应的模型', '0', '', '1', '0', '1', '1384508350', '1383891233', '', '0', '', '', '', '0', '');
INSERT INTO `xcx_attribute` VALUES ('9', 'type', '内容类型', 'tinyint(3) unsigned NOT NULL ', 'select', '2', '', '1', '1:目录\r\n2:主题\r\n3:段落', '1', '0', '1', '1384511157', '1383891233', '', '0', '', '', '', '0', '');
INSERT INTO `xcx_attribute` VALUES ('10', 'position', '推荐位', 'smallint(5) unsigned NOT NULL ', 'checkbox', '0', '多个推荐则将其推荐值相加', '1', '1:列表推荐\r\n2:频道页推荐\r\n4:首页推荐', '1', '0', '1', '1383895640', '1383891233', '', '0', '', '', '', '0', '');
INSERT INTO `xcx_attribute` VALUES ('11', 'link_id', '外链', 'int(10) unsigned NOT NULL ', 'num', '0', '0-非外链，大于0-外链ID,需要函数进行链接与编号的转换', '1', '', '1', '0', '1', '1383895757', '1383891233', '', '0', '', '', '', '0', '');
INSERT INTO `xcx_attribute` VALUES ('12', 'cover_id', '封面', 'int(10) unsigned NOT NULL ', 'picture', '0', '0-无封面，大于0-封面图片ID，需要函数处理', '1', '', '1', '0', '1', '1384147827', '1383891233', '', '0', '', '', '', '0', '');
INSERT INTO `xcx_attribute` VALUES ('13', 'display', '可见性', 'tinyint(3) unsigned NOT NULL ', 'radio', '1', '', '1', '0:不可见\r\n1:所有人可见', '1', '0', '1', '1386662271', '1383891233', '', '0', '', 'regex', '', '0', 'function');
INSERT INTO `xcx_attribute` VALUES ('14', 'deadline', '截至时间', 'int(10) unsigned NOT NULL ', 'datetime', '0', '0-永久有效', '1', '', '1', '0', '1', '1387163248', '1383891233', '', '0', '', 'regex', '', '0', 'function');
INSERT INTO `xcx_attribute` VALUES ('15', 'attach', '附件数量', 'tinyint(3) unsigned NOT NULL ', 'num', '0', '', '0', '', '1', '0', '1', '1387260355', '1383891233', '', '0', '', 'regex', '', '0', 'function');
INSERT INTO `xcx_attribute` VALUES ('16', 'view', '浏览量', 'int(10) unsigned NOT NULL ', 'num', '0', '', '1', '', '1', '0', '1', '1383895835', '1383891233', '', '0', '', '', '', '0', '');
INSERT INTO `xcx_attribute` VALUES ('17', 'comment', '评论数', 'int(10) unsigned NOT NULL ', 'num', '0', '', '1', '', '1', '0', '1', '1383895846', '1383891233', '', '0', '', '', '', '0', '');
INSERT INTO `xcx_attribute` VALUES ('18', 'extend', '扩展统计字段', 'int(10) unsigned NOT NULL ', 'num', '0', '根据需求自行使用', '0', '', '1', '0', '1', '1384508264', '1383891233', '', '0', '', '', '', '0', '');
INSERT INTO `xcx_attribute` VALUES ('19', 'level', '优先级', 'int(10) unsigned NOT NULL ', 'num', '0', '越高排序越靠前', '1', '', '1', '0', '1', '1383895894', '1383891233', '', '0', '', '', '', '0', '');
INSERT INTO `xcx_attribute` VALUES ('20', 'create_time', '创建时间', 'int(10) unsigned NOT NULL ', 'datetime', '0', '', '1', '', '1', '0', '1', '1383895903', '1383891233', '', '0', '', '', '', '0', '');
INSERT INTO `xcx_attribute` VALUES ('21', 'update_time', '更新时间', 'int(10) unsigned NOT NULL ', 'datetime', '0', '', '0', '', '1', '0', '1', '1384508277', '1383891233', '', '0', '', '', '', '0', '');
INSERT INTO `xcx_attribute` VALUES ('22', 'status', '数据状态', 'tinyint(4) NOT NULL ', 'radio', '0', '', '0', '-1:删除\r\n0:禁用\r\n1:正常\r\n2:待审核\r\n3:草稿', '1', '0', '1', '1384508496', '1383891233', '', '0', '', '', '', '0', '');
INSERT INTO `xcx_attribute` VALUES ('23', 'parse', '内容解析类型', 'tinyint(3) unsigned NOT NULL ', 'select', '0', '', '0', '0:html\r\n1:ubb\r\n2:markdown', '2', '0', '1', '1384511049', '1383891243', '', '0', '', '', '', '0', '');
INSERT INTO `xcx_attribute` VALUES ('24', 'content', '文章内容', 'text NOT NULL ', 'editor', '', '', '1', '', '2', '0', '1', '1383896225', '1383891243', '', '0', '', '', '', '0', '');
INSERT INTO `xcx_attribute` VALUES ('25', 'template', '详情页显示模板', 'varchar(100) NOT NULL ', 'string', '', '参照display方法参数的定义', '1', '', '2', '0', '1', '1383896190', '1383891243', '', '0', '', '', '', '0', '');
INSERT INTO `xcx_attribute` VALUES ('26', 'bookmark', '收藏数', 'int(10) unsigned NOT NULL ', 'num', '0', '', '1', '', '2', '0', '1', '1383896103', '1383891243', '', '0', '', '', '', '0', '');
INSERT INTO `xcx_attribute` VALUES ('27', 'parse', '内容解析类型', 'tinyint(3) unsigned NOT NULL ', 'select', '0', '', '0', '0:html\r\n1:ubb\r\n2:markdown', '3', '0', '1', '1387260461', '1383891252', '', '0', '', 'regex', '', '0', 'function');
INSERT INTO `xcx_attribute` VALUES ('28', 'content', '下载详细描述', 'text NOT NULL ', 'editor', '', '', '1', '', '3', '0', '1', '1383896438', '1383891252', '', '0', '', '', '', '0', '');
INSERT INTO `xcx_attribute` VALUES ('29', 'template', '详情页显示模板', 'varchar(100) NOT NULL ', 'string', '', '', '1', '', '3', '0', '1', '1383896429', '1383891252', '', '0', '', '', '', '0', '');
INSERT INTO `xcx_attribute` VALUES ('30', 'file_id', '文件ID', 'int(10) unsigned NOT NULL ', 'file', '0', '需要函数处理', '1', '', '3', '0', '1', '1383896415', '1383891252', '', '0', '', '', '', '0', '');
INSERT INTO `xcx_attribute` VALUES ('31', 'download', '下载次数', 'int(10) unsigned NOT NULL ', 'num', '0', '', '1', '', '3', '0', '1', '1383896380', '1383891252', '', '0', '', '', '', '0', '');
INSERT INTO `xcx_attribute` VALUES ('32', 'size', '文件大小', 'bigint(20) unsigned NOT NULL ', 'num', '0', '单位bit', '1', '', '3', '0', '1', '1383896371', '1383891252', '', '0', '', '', '', '0', '');

-- ----------------------------
-- Table structure for xcx_auth_extend
-- ----------------------------
DROP TABLE IF EXISTS `xcx_auth_extend`;
CREATE TABLE `xcx_auth_extend` (
  `group_id` mediumint(10) unsigned NOT NULL COMMENT '用户id',
  `extend_id` mediumint(8) unsigned NOT NULL COMMENT '扩展表中数据的id',
  `type` tinyint(1) unsigned NOT NULL COMMENT '扩展类型标识 1:栏目分类权限;2:模型权限',
  UNIQUE KEY `group_extend_type` (`group_id`,`extend_id`,`type`),
  KEY `uid` (`group_id`),
  KEY `group_id` (`extend_id`)
) ENGINE=MyISAM DEFAULT CHARSET=utf8 COMMENT='用户组与分类的对应关系表';

-- ----------------------------
-- Records of xcx_auth_extend
-- ----------------------------
INSERT INTO `xcx_auth_extend` VALUES ('1', '1', '1');
INSERT INTO `xcx_auth_extend` VALUES ('1', '1', '2');
INSERT INTO `xcx_auth_extend` VALUES ('1', '2', '1');
INSERT INTO `xcx_auth_extend` VALUES ('1', '2', '2');
INSERT INTO `xcx_auth_extend` VALUES ('1', '3', '1');
INSERT INTO `xcx_auth_extend` VALUES ('1', '3', '2');
INSERT INTO `xcx_auth_extend` VALUES ('1', '4', '1');
INSERT INTO `xcx_auth_extend` VALUES ('1', '37', '1');

-- ----------------------------
-- Table structure for xcx_auth_group
-- ----------------------------
DROP TABLE IF EXISTS `xcx_auth_group`;
CREATE TABLE `xcx_auth_group` (
  `id` mediumint(8) unsigned NOT NULL AUTO_INCREMENT COMMENT '用户组id,自增主键',
  `module` varchar(20) NOT NULL COMMENT '用户组所属模块',
  `type` tinyint(4) NOT NULL COMMENT '组类型',
  `title` char(20) NOT NULL DEFAULT '' COMMENT '用户组中文名称',
  `description` varchar(80) NOT NULL DEFAULT '' COMMENT '描述信息',
  `status` tinyint(1) NOT NULL DEFAULT '1' COMMENT '用户组状态：为1正常，为0禁用,-1为删除',
  `rules` varchar(500) NOT NULL DEFAULT '' COMMENT '用户组拥有的规则id，多个规则 , 隔开',
  PRIMARY KEY (`id`)
) ENGINE=MyISAM AUTO_INCREMENT=5 DEFAULT CHARSET=utf8;

-- ----------------------------
-- Records of xcx_auth_group
-- ----------------------------
INSERT INTO `xcx_auth_group` VALUES ('1', 'admin', '1', '默认用户组', '', '1', '1,2,7,8,9,10,11,12,13,14,15,16,17,18,19,20,21,22,23,24,25,26,27,28,29,30,31,32,33,34,35,36,37,38,39,40,41,42,43,44,45,46,47,48,49,50,51,52,53,54,55,56,57,58,59,60,61,62,63,64,65,66,67,68,69,70,71,72,73,74,79,80,81,82,83,84,86,87,88,89,90,91,92,93,94,95,96,97,100,102,103,105,106');
INSERT INTO `xcx_auth_group` VALUES ('2', 'admin', '1', '测试用户', '测试用户', '1', '1,2,5,7,8,9,10,11,12,13,14,15,16,17,18,19,20,21,22,23,24,25,26,27,56,57,58,59,60,61,62,63,64,65,66,67,68,69,70,71,72,73,74,79,80,82,83,84,88,89,90,91,92,93,96,97,100,102,103,195');
INSERT INTO `xcx_auth_group` VALUES ('3', 'admin', '1', '管理员组', '后台添加的管理员，拥有所有权限', '1', '3,19,20,21,22,23,24,25,26,27,28,29,30,31,32,33,34,35,36,37,38,39,40,41,88,94,95,107,108,109,110,217,218,219,220,221,222,223,224,225,226,227,228,229');

-- ----------------------------
-- Table structure for xcx_auth_group_access
-- ----------------------------
DROP TABLE IF EXISTS `xcx_auth_group_access`;
CREATE TABLE `xcx_auth_group_access` (
  `uid` int(10) unsigned NOT NULL COMMENT '用户id',
  `group_id` mediumint(8) unsigned NOT NULL COMMENT '用户组id',
  UNIQUE KEY `uid_group_id` (`uid`,`group_id`),
  KEY `uid` (`uid`),
  KEY `group_id` (`group_id`)
) ENGINE=MyISAM DEFAULT CHARSET=utf8;

-- ----------------------------
-- Records of xcx_auth_group_access
-- ----------------------------
INSERT INTO `xcx_auth_group_access` VALUES ('2', '3');
INSERT INTO `xcx_auth_group_access` VALUES ('3', '3');

-- ----------------------------
-- Table structure for xcx_auth_rule
-- ----------------------------
DROP TABLE IF EXISTS `xcx_auth_rule`;
CREATE TABLE `xcx_auth_rule` (
  `id` mediumint(8) unsigned NOT NULL AUTO_INCREMENT COMMENT '规则id,自增主键',
  `module` varchar(20) NOT NULL COMMENT '规则所属module',
  `type` tinyint(2) NOT NULL DEFAULT '1' COMMENT '1-url;2-主菜单',
  `name` char(80) NOT NULL DEFAULT '' COMMENT '规则唯一英文标识',
  `title` char(20) NOT NULL DEFAULT '' COMMENT '规则中文描述',
  `status` tinyint(1) NOT NULL DEFAULT '1' COMMENT '是否有效(0:无效,1:有效)',
  `condition` varchar(300) NOT NULL DEFAULT '' COMMENT '规则附加条件',
  PRIMARY KEY (`id`),
  KEY `module` (`module`,`status`,`type`)
) ENGINE=MyISAM AUTO_INCREMENT=230 DEFAULT CHARSET=utf8;

-- ----------------------------
-- Records of xcx_auth_rule
-- ----------------------------
INSERT INTO `xcx_auth_rule` VALUES ('1', 'admin', '2', 'Admin/Index/index', '首页', '1', '');
INSERT INTO `xcx_auth_rule` VALUES ('2', 'admin', '2', 'Admin/Article/mydocument', '内容', '1', '');
INSERT INTO `xcx_auth_rule` VALUES ('3', 'admin', '2', 'Admin/User/index', '用户', '1', '');
INSERT INTO `xcx_auth_rule` VALUES ('4', 'admin', '2', 'Admin/Addons/index', '扩展', '1', '');
INSERT INTO `xcx_auth_rule` VALUES ('5', 'admin', '2', 'Admin/Config/group', '系统', '1', '');
INSERT INTO `xcx_auth_rule` VALUES ('7', 'admin', '1', 'Admin/article/add', '新增', '1', '');
INSERT INTO `xcx_auth_rule` VALUES ('8', 'admin', '1', 'Admin/article/edit', '编辑', '1', '');
INSERT INTO `xcx_auth_rule` VALUES ('9', 'admin', '1', 'Admin/article/setStatus', '改变状态', '1', '');
INSERT INTO `xcx_auth_rule` VALUES ('10', 'admin', '1', 'Admin/article/update', '保存', '1', '');
INSERT INTO `xcx_auth_rule` VALUES ('11', 'admin', '1', 'Admin/article/autoSave', '保存草稿', '1', '');
INSERT INTO `xcx_auth_rule` VALUES ('12', 'admin', '1', 'Admin/article/move', '移动', '1', '');
INSERT INTO `xcx_auth_rule` VALUES ('13', 'admin', '1', 'Admin/article/copy', '复制', '1', '');
INSERT INTO `xcx_auth_rule` VALUES ('14', 'admin', '1', 'Admin/article/paste', '粘贴', '1', '');
INSERT INTO `xcx_auth_rule` VALUES ('15', 'admin', '1', 'Admin/article/permit', '还原', '1', '');
INSERT INTO `xcx_auth_rule` VALUES ('16', 'admin', '1', 'Admin/article/clear', '清空', '1', '');
INSERT INTO `xcx_auth_rule` VALUES ('17', 'admin', '1', 'Admin/article/index', '文档列表', '1', '');
INSERT INTO `xcx_auth_rule` VALUES ('18', 'admin', '1', 'Admin/article/recycle', '回收站', '1', '');
INSERT INTO `xcx_auth_rule` VALUES ('19', 'admin', '1', 'Admin/User/addaction', '新增用户行为', '1', '');
INSERT INTO `xcx_auth_rule` VALUES ('20', 'admin', '1', 'Admin/User/editaction', '编辑用户行为', '1', '');
INSERT INTO `xcx_auth_rule` VALUES ('21', 'admin', '1', 'Admin/User/saveAction', '保存用户行为', '1', '');
INSERT INTO `xcx_auth_rule` VALUES ('22', 'admin', '1', 'Admin/User/setStatus', '变更行为状态', '1', '');
INSERT INTO `xcx_auth_rule` VALUES ('23', 'admin', '1', 'Admin/User/changeStatus?method=forbidUser', '禁用会员', '1', '');
INSERT INTO `xcx_auth_rule` VALUES ('24', 'admin', '1', 'Admin/User/changeStatus?method=resumeUser', '启用会员', '1', '');
INSERT INTO `xcx_auth_rule` VALUES ('25', 'admin', '1', 'Admin/User/changeStatus?method=deleteUser', '删除会员', '1', '');
INSERT INTO `xcx_auth_rule` VALUES ('26', 'admin', '1', 'Admin/User/index', '管理员', '1', '');
INSERT INTO `xcx_auth_rule` VALUES ('27', 'admin', '1', 'Admin/User/action', '用户行为', '1', '');
INSERT INTO `xcx_auth_rule` VALUES ('28', 'admin', '1', 'Admin/AuthManager/changeStatus?method=deleteGroup', '删除', '1', '');
INSERT INTO `xcx_auth_rule` VALUES ('29', 'admin', '1', 'Admin/AuthManager/changeStatus?method=forbidGroup', '禁用', '1', '');
INSERT INTO `xcx_auth_rule` VALUES ('30', 'admin', '1', 'Admin/AuthManager/changeStatus?method=resumeGroup', '恢复', '1', '');
INSERT INTO `xcx_auth_rule` VALUES ('31', 'admin', '1', 'Admin/AuthManager/createGroup', '新增', '1', '');
INSERT INTO `xcx_auth_rule` VALUES ('32', 'admin', '1', 'Admin/AuthManager/editGroup', '编辑', '1', '');
INSERT INTO `xcx_auth_rule` VALUES ('33', 'admin', '1', 'Admin/AuthManager/writeGroup', '保存用户组', '1', '');
INSERT INTO `xcx_auth_rule` VALUES ('34', 'admin', '1', 'Admin/AuthManager/group', '授权', '1', '');
INSERT INTO `xcx_auth_rule` VALUES ('35', 'admin', '1', 'Admin/AuthManager/access', '访问授权', '1', '');
INSERT INTO `xcx_auth_rule` VALUES ('36', 'admin', '1', 'Admin/AuthManager/user', '成员授权', '1', '');
INSERT INTO `xcx_auth_rule` VALUES ('37', 'admin', '1', 'Admin/AuthManager/removeFromGroup', '解除授权', '1', '');
INSERT INTO `xcx_auth_rule` VALUES ('38', 'admin', '1', 'Admin/AuthManager/addToGroup', '保存成员授权', '1', '');
INSERT INTO `xcx_auth_rule` VALUES ('39', 'admin', '1', 'Admin/AuthManager/category', '分类授权', '1', '');
INSERT INTO `xcx_auth_rule` VALUES ('40', 'admin', '1', 'Admin/AuthManager/addToCategory', '保存分类授权', '1', '');
INSERT INTO `xcx_auth_rule` VALUES ('41', 'admin', '1', 'Admin/AuthManager/index', '权限管理', '1', '');
INSERT INTO `xcx_auth_rule` VALUES ('42', 'admin', '1', 'Admin/Addons/create', '创建', '1', '');
INSERT INTO `xcx_auth_rule` VALUES ('43', 'admin', '1', 'Admin/Addons/checkForm', '检测创建', '1', '');
INSERT INTO `xcx_auth_rule` VALUES ('44', 'admin', '1', 'Admin/Addons/preview', '预览', '1', '');
INSERT INTO `xcx_auth_rule` VALUES ('45', 'admin', '1', 'Admin/Addons/build', '快速生成插件', '1', '');
INSERT INTO `xcx_auth_rule` VALUES ('46', 'admin', '1', 'Admin/Addons/config', '设置', '1', '');
INSERT INTO `xcx_auth_rule` VALUES ('47', 'admin', '1', 'Admin/Addons/disable', '禁用', '1', '');
INSERT INTO `xcx_auth_rule` VALUES ('48', 'admin', '1', 'Admin/Addons/enable', '启用', '1', '');
INSERT INTO `xcx_auth_rule` VALUES ('49', 'admin', '1', 'Admin/Addons/install', '安装', '1', '');
INSERT INTO `xcx_auth_rule` VALUES ('50', 'admin', '1', 'Admin/Addons/uninstall', '卸载', '1', '');
INSERT INTO `xcx_auth_rule` VALUES ('51', 'admin', '1', 'Admin/Addons/saveconfig', '更新配置', '1', '');
INSERT INTO `xcx_auth_rule` VALUES ('52', 'admin', '1', 'Admin/Addons/adminList', '插件后台列表', '1', '');
INSERT INTO `xcx_auth_rule` VALUES ('53', 'admin', '1', 'Admin/Addons/execute', 'URL方式访问插件', '1', '');
INSERT INTO `xcx_auth_rule` VALUES ('54', 'admin', '1', 'Admin/Addons/index', '插件管理', '1', '');
INSERT INTO `xcx_auth_rule` VALUES ('55', 'admin', '1', 'Admin/Addons/hooks', '钩子管理', '1', '');
INSERT INTO `xcx_auth_rule` VALUES ('56', 'admin', '1', 'Admin/model/add', '新增', '1', '');
INSERT INTO `xcx_auth_rule` VALUES ('57', 'admin', '1', 'Admin/model/edit', '编辑', '1', '');
INSERT INTO `xcx_auth_rule` VALUES ('58', 'admin', '1', 'Admin/model/setStatus', '改变状态', '1', '');
INSERT INTO `xcx_auth_rule` VALUES ('59', 'admin', '1', 'Admin/model/update', '保存数据', '1', '');
INSERT INTO `xcx_auth_rule` VALUES ('60', 'admin', '1', 'Admin/Model/index', '模型管理', '1', '');
INSERT INTO `xcx_auth_rule` VALUES ('61', 'admin', '1', 'Admin/Config/edit', '编辑', '1', '');
INSERT INTO `xcx_auth_rule` VALUES ('62', 'admin', '1', 'Admin/Config/del', '删除', '1', '');
INSERT INTO `xcx_auth_rule` VALUES ('63', 'admin', '1', 'Admin/Config/add', '新增', '1', '');
INSERT INTO `xcx_auth_rule` VALUES ('64', 'admin', '1', 'Admin/Config/save', '保存', '1', '');
INSERT INTO `xcx_auth_rule` VALUES ('65', 'admin', '1', 'Admin/Config/group', '网站设置', '1', '');
INSERT INTO `xcx_auth_rule` VALUES ('66', 'admin', '1', 'Admin/Config/index', '配置管理', '1', '');
INSERT INTO `xcx_auth_rule` VALUES ('67', 'admin', '1', 'Admin/Channel/add', '新增', '1', '');
INSERT INTO `xcx_auth_rule` VALUES ('68', 'admin', '1', 'Admin/Channel/edit', '编辑', '1', '');
INSERT INTO `xcx_auth_rule` VALUES ('69', 'admin', '1', 'Admin/Channel/del', '删除', '1', '');
INSERT INTO `xcx_auth_rule` VALUES ('70', 'admin', '1', 'Admin/Channel/index', '导航管理', '1', '');
INSERT INTO `xcx_auth_rule` VALUES ('71', 'admin', '1', 'Admin/Category/edit', '编辑', '1', '');
INSERT INTO `xcx_auth_rule` VALUES ('72', 'admin', '1', 'Admin/Category/add', '新增', '1', '');
INSERT INTO `xcx_auth_rule` VALUES ('73', 'admin', '1', 'Admin/Category/remove', '删除', '1', '');
INSERT INTO `xcx_auth_rule` VALUES ('74', 'admin', '1', 'Admin/Category/index', '分类管理', '1', '');
INSERT INTO `xcx_auth_rule` VALUES ('75', 'admin', '1', 'Admin/file/upload', '上传控件', '-1', '');
INSERT INTO `xcx_auth_rule` VALUES ('76', 'admin', '1', 'Admin/file/uploadPicture', '上传图片', '-1', '');
INSERT INTO `xcx_auth_rule` VALUES ('77', 'admin', '1', 'Admin/file/download', '下载', '-1', '');
INSERT INTO `xcx_auth_rule` VALUES ('94', 'admin', '1', 'Admin/AuthManager/modelauth', '模型授权', '1', '');
INSERT INTO `xcx_auth_rule` VALUES ('79', 'admin', '1', 'Admin/article/batchOperate', '导入', '1', '');
INSERT INTO `xcx_auth_rule` VALUES ('80', 'admin', '1', 'Admin/Database/index?type=export', '备份数据库', '1', '');
INSERT INTO `xcx_auth_rule` VALUES ('81', 'admin', '1', 'Admin/Database/index?type=import', '还原数据库', '1', '');
INSERT INTO `xcx_auth_rule` VALUES ('82', 'admin', '1', 'Admin/Database/export', '备份', '1', '');
INSERT INTO `xcx_auth_rule` VALUES ('83', 'admin', '1', 'Admin/Database/optimize', '优化表', '1', '');
INSERT INTO `xcx_auth_rule` VALUES ('84', 'admin', '1', 'Admin/Database/repair', '修复表', '1', '');
INSERT INTO `xcx_auth_rule` VALUES ('86', 'admin', '1', 'Admin/Database/import', '恢复', '1', '');
INSERT INTO `xcx_auth_rule` VALUES ('87', 'admin', '1', 'Admin/Database/del', '删除', '1', '');
INSERT INTO `xcx_auth_rule` VALUES ('88', 'admin', '1', 'Admin/User/add', '新增用户', '1', '');
INSERT INTO `xcx_auth_rule` VALUES ('89', 'admin', '1', 'Admin/Attribute/index', '属性管理', '1', '');
INSERT INTO `xcx_auth_rule` VALUES ('90', 'admin', '1', 'Admin/Attribute/add', '新增', '1', '');
INSERT INTO `xcx_auth_rule` VALUES ('91', 'admin', '1', 'Admin/Attribute/edit', '编辑', '1', '');
INSERT INTO `xcx_auth_rule` VALUES ('92', 'admin', '1', 'Admin/Attribute/setStatus', '改变状态', '1', '');
INSERT INTO `xcx_auth_rule` VALUES ('93', 'admin', '1', 'Admin/Attribute/update', '保存数据', '1', '');
INSERT INTO `xcx_auth_rule` VALUES ('95', 'admin', '1', 'Admin/AuthManager/addToModel', '保存模型授权', '1', '');
INSERT INTO `xcx_auth_rule` VALUES ('96', 'admin', '1', 'Admin/Category/move', '移动', '-1', '');
INSERT INTO `xcx_auth_rule` VALUES ('97', 'admin', '1', 'Admin/Category/merge', '合并', '-1', '');
INSERT INTO `xcx_auth_rule` VALUES ('98', 'admin', '1', 'Admin/Config/menu', '后台菜单管理', '-1', '');
INSERT INTO `xcx_auth_rule` VALUES ('99', 'admin', '1', 'Admin/Article/mydocument', '内容', '-1', '');
INSERT INTO `xcx_auth_rule` VALUES ('100', 'admin', '1', 'Admin/Menu/index', '菜单管理', '1', '');
INSERT INTO `xcx_auth_rule` VALUES ('101', 'admin', '1', 'Admin/other', '其他', '-1', '');
INSERT INTO `xcx_auth_rule` VALUES ('102', 'admin', '1', 'Admin/Menu/add', '新增', '1', '');
INSERT INTO `xcx_auth_rule` VALUES ('103', 'admin', '1', 'Admin/Menu/edit', '编辑', '1', '');
INSERT INTO `xcx_auth_rule` VALUES ('104', 'admin', '1', 'Admin/Think/lists?model=article', '文章管理', '-1', '');
INSERT INTO `xcx_auth_rule` VALUES ('105', 'admin', '1', 'Admin/Think/lists?model=download', '下载管理', '1', '');
INSERT INTO `xcx_auth_rule` VALUES ('106', 'admin', '1', 'Admin/Think/lists?model=config', '配置管理', '1', '');
INSERT INTO `xcx_auth_rule` VALUES ('107', 'admin', '1', 'Admin/Action/actionlog', '行为日志', '1', '');
INSERT INTO `xcx_auth_rule` VALUES ('108', 'admin', '1', 'Admin/User/updatePassword', '修改密码', '1', '');
INSERT INTO `xcx_auth_rule` VALUES ('109', 'admin', '1', 'Admin/User/updateNickname', '修改昵称', '1', '');
INSERT INTO `xcx_auth_rule` VALUES ('110', 'admin', '1', 'Admin/action/edit', '查看行为日志', '1', '');
INSERT INTO `xcx_auth_rule` VALUES ('205', 'admin', '1', 'Admin/think/add', '新增数据', '1', '');
INSERT INTO `xcx_auth_rule` VALUES ('111', 'admin', '2', 'Admin/article/index', '文档列表', '-1', '');
INSERT INTO `xcx_auth_rule` VALUES ('112', 'admin', '2', 'Admin/article/add', '新增', '-1', '');
INSERT INTO `xcx_auth_rule` VALUES ('113', 'admin', '2', 'Admin/article/edit', '编辑', '-1', '');
INSERT INTO `xcx_auth_rule` VALUES ('114', 'admin', '2', 'Admin/article/setStatus', '改变状态', '-1', '');
INSERT INTO `xcx_auth_rule` VALUES ('115', 'admin', '2', 'Admin/article/update', '保存', '-1', '');
INSERT INTO `xcx_auth_rule` VALUES ('116', 'admin', '2', 'Admin/article/autoSave', '保存草稿', '-1', '');
INSERT INTO `xcx_auth_rule` VALUES ('117', 'admin', '2', 'Admin/article/move', '移动', '-1', '');
INSERT INTO `xcx_auth_rule` VALUES ('118', 'admin', '2', 'Admin/article/copy', '复制', '-1', '');
INSERT INTO `xcx_auth_rule` VALUES ('119', 'admin', '2', 'Admin/article/paste', '粘贴', '-1', '');
INSERT INTO `xcx_auth_rule` VALUES ('120', 'admin', '2', 'Admin/article/batchOperate', '导入', '-1', '');
INSERT INTO `xcx_auth_rule` VALUES ('121', 'admin', '2', 'Admin/article/recycle', '回收站', '-1', '');
INSERT INTO `xcx_auth_rule` VALUES ('122', 'admin', '2', 'Admin/article/permit', '还原', '-1', '');
INSERT INTO `xcx_auth_rule` VALUES ('123', 'admin', '2', 'Admin/article/clear', '清空', '-1', '');
INSERT INTO `xcx_auth_rule` VALUES ('124', 'admin', '2', 'Admin/User/add', '新增用户', '-1', '');
INSERT INTO `xcx_auth_rule` VALUES ('125', 'admin', '2', 'Admin/User/action', '用户行为', '-1', '');
INSERT INTO `xcx_auth_rule` VALUES ('126', 'admin', '2', 'Admin/User/addAction', '新增用户行为', '-1', '');
INSERT INTO `xcx_auth_rule` VALUES ('127', 'admin', '2', 'Admin/User/editAction', '编辑用户行为', '-1', '');
INSERT INTO `xcx_auth_rule` VALUES ('128', 'admin', '2', 'Admin/User/saveAction', '保存用户行为', '-1', '');
INSERT INTO `xcx_auth_rule` VALUES ('129', 'admin', '2', 'Admin/User/setStatus', '变更行为状态', '-1', '');
INSERT INTO `xcx_auth_rule` VALUES ('130', 'admin', '2', 'Admin/User/changeStatus?method=forbidUser', '禁用会员', '-1', '');
INSERT INTO `xcx_auth_rule` VALUES ('131', 'admin', '2', 'Admin/User/changeStatus?method=resumeUser', '启用会员', '-1', '');
INSERT INTO `xcx_auth_rule` VALUES ('132', 'admin', '2', 'Admin/User/changeStatus?method=deleteUser', '删除会员', '-1', '');
INSERT INTO `xcx_auth_rule` VALUES ('133', 'admin', '2', 'Admin/AuthManager/index', '权限管理', '-1', '');
INSERT INTO `xcx_auth_rule` VALUES ('134', 'admin', '2', 'Admin/AuthManager/changeStatus?method=deleteGroup', '删除', '-1', '');
INSERT INTO `xcx_auth_rule` VALUES ('135', 'admin', '2', 'Admin/AuthManager/changeStatus?method=forbidGroup', '禁用', '-1', '');
INSERT INTO `xcx_auth_rule` VALUES ('136', 'admin', '2', 'Admin/AuthManager/changeStatus?method=resumeGroup', '恢复', '-1', '');
INSERT INTO `xcx_auth_rule` VALUES ('137', 'admin', '2', 'Admin/AuthManager/createGroup', '新增', '-1', '');
INSERT INTO `xcx_auth_rule` VALUES ('138', 'admin', '2', 'Admin/AuthManager/editGroup', '编辑', '-1', '');
INSERT INTO `xcx_auth_rule` VALUES ('139', 'admin', '2', 'Admin/AuthManager/writeGroup', '保存用户组', '-1', '');
INSERT INTO `xcx_auth_rule` VALUES ('140', 'admin', '2', 'Admin/AuthManager/group', '授权', '-1', '');
INSERT INTO `xcx_auth_rule` VALUES ('141', 'admin', '2', 'Admin/AuthManager/access', '访问授权', '-1', '');
INSERT INTO `xcx_auth_rule` VALUES ('142', 'admin', '2', 'Admin/AuthManager/user', '成员授权', '-1', '');
INSERT INTO `xcx_auth_rule` VALUES ('143', 'admin', '2', 'Admin/AuthManager/removeFromGroup', '解除授权', '-1', '');
INSERT INTO `xcx_auth_rule` VALUES ('144', 'admin', '2', 'Admin/AuthManager/addToGroup', '保存成员授权', '-1', '');
INSERT INTO `xcx_auth_rule` VALUES ('145', 'admin', '2', 'Admin/AuthManager/category', '分类授权', '-1', '');
INSERT INTO `xcx_auth_rule` VALUES ('146', 'admin', '2', 'Admin/AuthManager/addToCategory', '保存分类授权', '-1', '');
INSERT INTO `xcx_auth_rule` VALUES ('147', 'admin', '2', 'Admin/AuthManager/modelauth', '模型授权', '-1', '');
INSERT INTO `xcx_auth_rule` VALUES ('148', 'admin', '2', 'Admin/AuthManager/addToModel', '保存模型授权', '-1', '');
INSERT INTO `xcx_auth_rule` VALUES ('149', 'admin', '2', 'Admin/Addons/create', '创建', '-1', '');
INSERT INTO `xcx_auth_rule` VALUES ('150', 'admin', '2', 'Admin/Addons/checkForm', '检测创建', '-1', '');
INSERT INTO `xcx_auth_rule` VALUES ('151', 'admin', '2', 'Admin/Addons/preview', '预览', '-1', '');
INSERT INTO `xcx_auth_rule` VALUES ('152', 'admin', '2', 'Admin/Addons/build', '快速生成插件', '-1', '');
INSERT INTO `xcx_auth_rule` VALUES ('153', 'admin', '2', 'Admin/Addons/config', '设置', '-1', '');
INSERT INTO `xcx_auth_rule` VALUES ('154', 'admin', '2', 'Admin/Addons/disable', '禁用', '-1', '');
INSERT INTO `xcx_auth_rule` VALUES ('155', 'admin', '2', 'Admin/Addons/enable', '启用', '-1', '');
INSERT INTO `xcx_auth_rule` VALUES ('156', 'admin', '2', 'Admin/Addons/install', '安装', '-1', '');
INSERT INTO `xcx_auth_rule` VALUES ('157', 'admin', '2', 'Admin/Addons/uninstall', '卸载', '-1', '');
INSERT INTO `xcx_auth_rule` VALUES ('158', 'admin', '2', 'Admin/Addons/saveconfig', '更新配置', '-1', '');
INSERT INTO `xcx_auth_rule` VALUES ('159', 'admin', '2', 'Admin/Addons/adminList', '插件后台列表', '-1', '');
INSERT INTO `xcx_auth_rule` VALUES ('160', 'admin', '2', 'Admin/Addons/execute', 'URL方式访问插件', '-1', '');
INSERT INTO `xcx_auth_rule` VALUES ('161', 'admin', '2', 'Admin/Addons/hooks', '钩子管理', '-1', '');
INSERT INTO `xcx_auth_rule` VALUES ('162', 'admin', '2', 'Admin/Model/index', '模型管理', '-1', '');
INSERT INTO `xcx_auth_rule` VALUES ('163', 'admin', '2', 'Admin/model/add', '新增', '-1', '');
INSERT INTO `xcx_auth_rule` VALUES ('164', 'admin', '2', 'Admin/model/edit', '编辑', '-1', '');
INSERT INTO `xcx_auth_rule` VALUES ('165', 'admin', '2', 'Admin/model/setStatus', '改变状态', '-1', '');
INSERT INTO `xcx_auth_rule` VALUES ('166', 'admin', '2', 'Admin/model/update', '保存数据', '-1', '');
INSERT INTO `xcx_auth_rule` VALUES ('167', 'admin', '2', 'Admin/Attribute/index', '属性管理', '-1', '');
INSERT INTO `xcx_auth_rule` VALUES ('168', 'admin', '2', 'Admin/Attribute/add', '新增', '-1', '');
INSERT INTO `xcx_auth_rule` VALUES ('169', 'admin', '2', 'Admin/Attribute/edit', '编辑', '-1', '');
INSERT INTO `xcx_auth_rule` VALUES ('170', 'admin', '2', 'Admin/Attribute/setStatus', '改变状态', '-1', '');
INSERT INTO `xcx_auth_rule` VALUES ('171', 'admin', '2', 'Admin/Attribute/update', '保存数据', '-1', '');
INSERT INTO `xcx_auth_rule` VALUES ('172', 'admin', '2', 'Admin/Config/index', '配置管理', '-1', '');
INSERT INTO `xcx_auth_rule` VALUES ('173', 'admin', '2', 'Admin/Config/edit', '编辑', '-1', '');
INSERT INTO `xcx_auth_rule` VALUES ('174', 'admin', '2', 'Admin/Config/del', '删除', '-1', '');
INSERT INTO `xcx_auth_rule` VALUES ('175', 'admin', '2', 'Admin/Config/add', '新增', '-1', '');
INSERT INTO `xcx_auth_rule` VALUES ('176', 'admin', '2', 'Admin/Config/save', '保存', '-1', '');
INSERT INTO `xcx_auth_rule` VALUES ('177', 'admin', '2', 'Admin/Menu/index', '菜单管理', '-1', '');
INSERT INTO `xcx_auth_rule` VALUES ('178', 'admin', '2', 'Admin/Channel/index', '导航管理', '-1', '');
INSERT INTO `xcx_auth_rule` VALUES ('179', 'admin', '2', 'Admin/Channel/add', '新增', '-1', '');
INSERT INTO `xcx_auth_rule` VALUES ('180', 'admin', '2', 'Admin/Channel/edit', '编辑', '-1', '');
INSERT INTO `xcx_auth_rule` VALUES ('181', 'admin', '2', 'Admin/Channel/del', '删除', '-1', '');
INSERT INTO `xcx_auth_rule` VALUES ('182', 'admin', '2', 'Admin/Category/index', '分类管理', '-1', '');
INSERT INTO `xcx_auth_rule` VALUES ('183', 'admin', '2', 'Admin/Category/edit', '编辑', '-1', '');
INSERT INTO `xcx_auth_rule` VALUES ('184', 'admin', '2', 'Admin/Category/add', '新增', '-1', '');
INSERT INTO `xcx_auth_rule` VALUES ('185', 'admin', '2', 'Admin/Category/remove', '删除', '-1', '');
INSERT INTO `xcx_auth_rule` VALUES ('186', 'admin', '2', 'Admin/Category/move', '移动', '-1', '');
INSERT INTO `xcx_auth_rule` VALUES ('187', 'admin', '2', 'Admin/Category/merge', '合并', '-1', '');
INSERT INTO `xcx_auth_rule` VALUES ('188', 'admin', '2', 'Admin/Database/index?type=export', '备份数据库', '-1', '');
INSERT INTO `xcx_auth_rule` VALUES ('189', 'admin', '2', 'Admin/Database/export', '备份', '-1', '');
INSERT INTO `xcx_auth_rule` VALUES ('190', 'admin', '2', 'Admin/Database/optimize', '优化表', '-1', '');
INSERT INTO `xcx_auth_rule` VALUES ('191', 'admin', '2', 'Admin/Database/repair', '修复表', '-1', '');
INSERT INTO `xcx_auth_rule` VALUES ('192', 'admin', '2', 'Admin/Database/index?type=import', '还原数据库', '-1', '');
INSERT INTO `xcx_auth_rule` VALUES ('193', 'admin', '2', 'Admin/Database/import', '恢复', '-1', '');
INSERT INTO `xcx_auth_rule` VALUES ('194', 'admin', '2', 'Admin/Database/del', '删除', '-1', '');
INSERT INTO `xcx_auth_rule` VALUES ('195', 'admin', '2', 'Admin/other', '其他', '1', '');
INSERT INTO `xcx_auth_rule` VALUES ('196', 'admin', '2', 'Admin/Menu/add', '新增', '-1', '');
INSERT INTO `xcx_auth_rule` VALUES ('197', 'admin', '2', 'Admin/Menu/edit', '编辑', '-1', '');
INSERT INTO `xcx_auth_rule` VALUES ('198', 'admin', '2', 'Admin/Think/lists?model=article', '应用', '-1', '');
INSERT INTO `xcx_auth_rule` VALUES ('199', 'admin', '2', 'Admin/Think/lists?model=download', '下载管理', '-1', '');
INSERT INTO `xcx_auth_rule` VALUES ('200', 'admin', '2', 'Admin/Think/lists?model=config', '应用', '-1', '');
INSERT INTO `xcx_auth_rule` VALUES ('201', 'admin', '2', 'Admin/Action/actionlog', '行为日志', '-1', '');
INSERT INTO `xcx_auth_rule` VALUES ('202', 'admin', '2', 'Admin/User/updatePassword', '修改密码', '-1', '');
INSERT INTO `xcx_auth_rule` VALUES ('203', 'admin', '2', 'Admin/User/updateNickname', '修改昵称', '-1', '');
INSERT INTO `xcx_auth_rule` VALUES ('204', 'admin', '2', 'Admin/action/edit', '查看行为日志', '-1', '');
INSERT INTO `xcx_auth_rule` VALUES ('206', 'admin', '1', 'Admin/think/edit', '编辑数据', '1', '');
INSERT INTO `xcx_auth_rule` VALUES ('207', 'admin', '1', 'Admin/Menu/import', '导入', '1', '');
INSERT INTO `xcx_auth_rule` VALUES ('208', 'admin', '1', 'Admin/Model/generate', '生成', '1', '');
INSERT INTO `xcx_auth_rule` VALUES ('209', 'admin', '1', 'Admin/Addons/addHook', '新增钩子', '1', '');
INSERT INTO `xcx_auth_rule` VALUES ('210', 'admin', '1', 'Admin/Addons/edithook', '编辑钩子', '1', '');
INSERT INTO `xcx_auth_rule` VALUES ('211', 'admin', '1', 'Admin/Article/sort', '文档排序', '1', '');
INSERT INTO `xcx_auth_rule` VALUES ('212', 'admin', '1', 'Admin/Config/sort', '排序', '1', '');
INSERT INTO `xcx_auth_rule` VALUES ('213', 'admin', '1', 'Admin/Menu/sort', '排序', '1', '');
INSERT INTO `xcx_auth_rule` VALUES ('214', 'admin', '1', 'Admin/Channel/sort', '排序', '1', '');
INSERT INTO `xcx_auth_rule` VALUES ('215', 'admin', '1', 'Admin/Category/operate/type/move', '移动', '1', '');
INSERT INTO `xcx_auth_rule` VALUES ('216', 'admin', '1', 'Admin/Category/operate/type/merge', '合并', '1', '');
INSERT INTO `xcx_auth_rule` VALUES ('217', 'admin', '1', 'Admin/Device/index', '设备管理', '1', '');
INSERT INTO `xcx_auth_rule` VALUES ('218', 'admin', '1', 'Admin/Device/map', '设备地图', '1', '');
INSERT INTO `xcx_auth_rule` VALUES ('219', 'admin', '1', 'Admin/Background/index', '背景图', '1', '');
INSERT INTO `xcx_auth_rule` VALUES ('220', 'admin', '1', 'Admin/Device/scene', '模式时间', '1', '');
INSERT INTO `xcx_auth_rule` VALUES ('221', 'admin', '1', 'Admin/User/user', '普通用户', '1', '');
INSERT INTO `xcx_auth_rule` VALUES ('222', 'admin', '2', 'Admin/Device/index', '设备', '1', '');
INSERT INTO `xcx_auth_rule` VALUES ('223', 'admin', '2', 'Admin/Background/index', '背景图', '1', '');
INSERT INTO `xcx_auth_rule` VALUES ('224', 'admin', '1', 'Admin/Device/delDevice', '设备删除', '1', '');
INSERT INTO `xcx_auth_rule` VALUES ('225', 'admin', '1', 'Admin/Device/saveSet', '模式保存', '1', '');
INSERT INTO `xcx_auth_rule` VALUES ('226', 'admin', '1', 'Admin/User/changeStatus', '删除用户', '1', '');
INSERT INTO `xcx_auth_rule` VALUES ('227', 'admin', '1', 'Admin/Background/upload', '文件上传', '1', '');
INSERT INTO `xcx_auth_rule` VALUES ('228', 'admin', '1', 'Admin/Background/delete', '背景图删除', '1', '');
INSERT INTO `xcx_auth_rule` VALUES ('229', 'admin', '1', 'Admin/Background/setBg', '设定背景图', '1', '');

-- ----------------------------
-- Table structure for xcx_base_device
-- ----------------------------
DROP TABLE IF EXISTS `xcx_base_device`;
CREATE TABLE `xcx_base_device` (
  `device_id` varchar(255) NOT NULL DEFAULT '' COMMENT '微信端的设备ID',
  `device_token` varchar(32) NOT NULL DEFAULT '' COMMENT '设备对应的二维码标志位',
  `create_time` varchar(11) NOT NULL DEFAULT '' COMMENT '设备添加时间',
  `scene` tinyint(1) NOT NULL DEFAULT '0' COMMENT '设备场景模式，默认0,1：家庭模式，2：办公室，3：公共场所；4：自定义',
  `last_line` varchar(11) NOT NULL DEFAULT '' COMMENT '设备上次在线时间',
  `ip` varchar(50) NOT NULL DEFAULT '' COMMENT '设备ip地址',
  `update_time` varchar(11) NOT NULL DEFAULT '' COMMENT '设备上次配网时间',
  `unionid` varchar(50) NOT NULL DEFAULT '' COMMENT '联合id号',
  UNIQUE KEY `设备id号` (`device_id`) USING HASH
) ENGINE=MyISAM DEFAULT CHARSET=utf8;

-- ----------------------------
-- Records of xcx_base_device
-- ----------------------------
INSERT INTO `xcx_base_device` VALUES ('DC4F22C2F34C', 'kZlFg', '1523513929', '0', '', '60.176.131.242', '1524554342', 'oujWavxdQEx44mv551oDCrFvvzuk');
INSERT INTO `xcx_base_device` VALUES ('600194A2A957', 'n5FQQ', '1523605634', '2', '1524044882', '115.198.129.41', '1529059710', 'oujWavxdQEx44mv551oDCrFvvzuk');
INSERT INTO `xcx_base_device` VALUES ('600194A2A8B3', 'e6zNZ', '1523605722', '4', '', '113.116.127.1', '1527495044', 'oujWav4MB6kq4w380slBmazJ4dkY');
INSERT INTO `xcx_base_device` VALUES ('DC4F22C2F34B', 'Q9SOY', '1524194191', '4', '', '119.123.167.129', '1527517274', 'oujWav4MB6kq4w380slBmazJ4dkY');
INSERT INTO `xcx_base_device` VALUES ('DC4F22C2F3EB', 'jFiLy', '1524299070', '2', '', '113.195.3.250', '1524614285', 'oujWav9TNDvX1qIyEZWBkniCR7hU');
INSERT INTO `xcx_base_device` VALUES ('600194A2A958', 'rEunP', '1524656704', '4', '', '119.123.167.129', '1529392194', 'oujWavxdQEx44mv551oDCrFvvzuk');
INSERT INTO `xcx_base_device` VALUES ('600194A2A8B6', 'tRFja', '1524829308', '1', '', '113.110.152.147', '1526993186', 'oujWav09Stcn37dunQVqvSbXW8RM');
INSERT INTO `xcx_base_device` VALUES ('DC4F22C2F34E', 'avwNI', '1527486823', '4', '', '183.14.76.163', '1529059951', 'oujWavxdQEx44mv551oDCrFvvzuk');
INSERT INTO `xcx_base_device` VALUES ('600194A2A8B5', 'qM4gL', '1527486823', '4', '', '58.60.153.144', '1527596807', 'oujWav4MB6kq4w380slBmazJ4dkY');
INSERT INTO `xcx_base_device` VALUES ('DC4F228EFE4A', '', '1530184676', '4', '', '119.123.166.135', '1530184676', 'oujWavxdQEx44mv551oDCrFvvzuk');

-- ----------------------------
-- Table structure for xcx_base_device_copy
-- ----------------------------
DROP TABLE IF EXISTS `xcx_base_device_copy`;
CREATE TABLE `xcx_base_device_copy` (
  `device_id` varchar(255) NOT NULL DEFAULT '' COMMENT '微信端的设备ID',
  `device_token` varchar(32) NOT NULL DEFAULT '' COMMENT '设备对应的二维码标志位',
  `create_time` varchar(11) NOT NULL DEFAULT '' COMMENT '设备添加时间',
  `scene` tinyint(1) NOT NULL DEFAULT '0' COMMENT '设备场景模式，默认0,1：家庭模式，2：办公室，3：公共场所；4：自定义',
  `last_line` varchar(11) NOT NULL DEFAULT '' COMMENT '设备上次在线时间',
  `ip` varchar(50) NOT NULL DEFAULT '' COMMENT '设备ip地址',
  `update_time` varchar(11) NOT NULL DEFAULT '' COMMENT '设备上次配网时间',
  `unionid` varchar(50) NOT NULL DEFAULT '' COMMENT '联合id号',
  UNIQUE KEY `设备id号` (`device_id`) USING HASH
) ENGINE=MyISAM DEFAULT CHARSET=utf8;

-- ----------------------------
-- Records of xcx_base_device_copy
-- ----------------------------
INSERT INTO `xcx_base_device_copy` VALUES ('DC4F22C2F34C', 'kZlFg', '1523513929', '0', '', '60.176.131.242', '1524554342', 'oujWavxdQEx44mv551oDCrFvvzuk');
INSERT INTO `xcx_base_device_copy` VALUES ('600194A2A957', 'n5FQQ', '1523605634', '4', '1524044882', '115.198.130.85', '1527419020', 'oujWav9EKEhclEvUNRi2e43_Ihfs');
INSERT INTO `xcx_base_device_copy` VALUES ('600194A2A8B3', 'e6zNZ', '1523605722', '4', '', '113.116.127.119', '1527495044', 'oujWav4MB6kq4w380slBmazJ4dkY');
INSERT INTO `xcx_base_device_copy` VALUES ('DC4F22C2F34B', 'Q9SOY', '1524194191', '4', '', '113.88.197.9', '1527517274', 'oujWav4MB6kq4w380slBmazJ4dkY');
INSERT INTO `xcx_base_device_copy` VALUES ('DC4F22C2F3EB', 'jFiLy', '1524299070', '2', '', '113.195.3.250', '1524614285', 'oujWav9TNDvX1qIyEZWBkniCR7hU');
INSERT INTO `xcx_base_device_copy` VALUES ('600194A2A958', 'rEunP', '1524656704', '4', '', '113.116.127.119', '1527495422', 'oujWav4MB6kq4w380slBmazJ4dkY');
INSERT INTO `xcx_base_device_copy` VALUES ('600194A2A8B6', 'tRFja', '1524829308', '1', '', '113.110.152.147', '1526993186', 'oujWav09Stcn37dunQVqvSbXW8RM');
INSERT INTO `xcx_base_device_copy` VALUES ('DC4F22C2F34E', 'WkbKJ', '1527425272', '4', '', '113.88.197.9', '1527643057', 'oujWav09Stcn37dunQVqvSbXW8RM');
INSERT INTO `xcx_base_device_copy` VALUES ('600194A2A8B5', 'qM4gL', '1527486823', '0', '', '113.88.197.9', '1527596807', 'oujWavxp_TxSsZ_6Ot6hftpVQrts');

-- ----------------------------
-- Table structure for xcx_bg_pic
-- ----------------------------
DROP TABLE IF EXISTS `xcx_bg_pic`;
CREATE TABLE `xcx_bg_pic` (
  `id` int(10) unsigned NOT NULL,
  `bg_filename` varchar(255) NOT NULL DEFAULT '',
  PRIMARY KEY (`id`)
) ENGINE=MyISAM AUTO_INCREMENT=2 DEFAULT CHARSET=utf8;

-- ----------------------------
-- Records of xcx_bg_pic
-- ----------------------------
INSERT INTO `xcx_bg_pic` VALUES ('0', '5ae025f77a554.png');

-- ----------------------------
-- Table structure for xcx_bindtime
-- ----------------------------
DROP TABLE IF EXISTS `xcx_bindtime`;
CREATE TABLE `xcx_bindtime` (
  `id` int(10) NOT NULL AUTO_INCREMENT,
  `device_id` varchar(500) NOT NULL,
  `info_time` bigint(1) NOT NULL DEFAULT '0',
  PRIMARY KEY (`id`)
) ENGINE=MyISAM AUTO_INCREMENT=17 DEFAULT CHARSET=utf8;

-- ----------------------------
-- Records of xcx_bindtime
-- ----------------------------
INSERT INTO `xcx_bindtime` VALUES ('1', '600194A2A958', '1529379860');
INSERT INTO `xcx_bindtime` VALUES ('2', '600194A2A958', '1529380158');
INSERT INTO `xcx_bindtime` VALUES ('3', '600194A2A958', '1529380176');
INSERT INTO `xcx_bindtime` VALUES ('4', '234567', '1529381267');
INSERT INTO `xcx_bindtime` VALUES ('5', '600194A2A958', '1529389404');
INSERT INTO `xcx_bindtime` VALUES ('6', '600194A2A958', '1529389426');
INSERT INTO `xcx_bindtime` VALUES ('7', '600194A2A958', '1529390469');
INSERT INTO `xcx_bindtime` VALUES ('8', '600194A2A958', '1529391114');
INSERT INTO `xcx_bindtime` VALUES ('9', '600194A2A958', '1529392193');
INSERT INTO `xcx_bindtime` VALUES ('10', 'DC4F228E08F0', '1529919030');
INSERT INTO `xcx_bindtime` VALUES ('11', 'DC4F228EFE4A', '1530184674');
INSERT INTO `xcx_bindtime` VALUES ('12', '600194A2A8B3', '1530837660');
INSERT INTO `xcx_bindtime` VALUES ('13', '600194A2A8B3', '1530924305');
INSERT INTO `xcx_bindtime` VALUES ('14', '600194A2A8B3', '1531010914');
INSERT INTO `xcx_bindtime` VALUES ('15', '600194A2A8B3', '1531098119');
INSERT INTO `xcx_bindtime` VALUES ('16', '600194A2A8B3', '1531184493');

-- ----------------------------
-- Table structure for xcx_category
-- ----------------------------
DROP TABLE IF EXISTS `xcx_category`;
CREATE TABLE `xcx_category` (
  `id` int(10) unsigned NOT NULL AUTO_INCREMENT COMMENT '分类ID',
  `name` varchar(30) NOT NULL COMMENT '标志',
  `title` varchar(50) NOT NULL COMMENT '标题',
  `pid` int(10) unsigned NOT NULL DEFAULT '0' COMMENT '上级分类ID',
  `sort` int(10) unsigned NOT NULL DEFAULT '0' COMMENT '排序（同级有效）',
  `list_row` tinyint(3) unsigned NOT NULL DEFAULT '10' COMMENT '列表每页行数',
  `meta_title` varchar(50) NOT NULL DEFAULT '' COMMENT 'SEO的网页标题',
  `keywords` varchar(255) NOT NULL DEFAULT '' COMMENT '关键字',
  `description` varchar(255) NOT NULL DEFAULT '' COMMENT '描述',
  `template_index` varchar(100) NOT NULL COMMENT '频道页模板',
  `template_lists` varchar(100) NOT NULL COMMENT '列表页模板',
  `template_detail` varchar(100) NOT NULL COMMENT '详情页模板',
  `template_edit` varchar(100) NOT NULL COMMENT '编辑页模板',
  `model` varchar(100) NOT NULL DEFAULT '' COMMENT '关联模型',
  `type` varchar(100) NOT NULL DEFAULT '' COMMENT '允许发布的内容类型',
  `link_id` int(10) unsigned NOT NULL DEFAULT '0' COMMENT '外链',
  `allow_publish` tinyint(3) unsigned NOT NULL DEFAULT '0' COMMENT '是否允许发布内容',
  `display` tinyint(3) unsigned NOT NULL DEFAULT '0' COMMENT '可见性',
  `reply` tinyint(3) unsigned NOT NULL DEFAULT '0' COMMENT '是否允许回复',
  `check` tinyint(3) unsigned NOT NULL DEFAULT '0' COMMENT '发布的文章是否需要审核',
  `reply_model` varchar(100) NOT NULL DEFAULT '',
  `extend` text NOT NULL COMMENT '扩展设置',
  `create_time` int(10) unsigned NOT NULL DEFAULT '0' COMMENT '创建时间',
  `update_time` int(10) unsigned NOT NULL DEFAULT '0' COMMENT '更新时间',
  `status` tinyint(4) NOT NULL DEFAULT '0' COMMENT '数据状态',
  `icon` int(10) unsigned NOT NULL DEFAULT '0' COMMENT '分类图标',
  PRIMARY KEY (`id`),
  UNIQUE KEY `uk_name` (`name`),
  KEY `pid` (`pid`)
) ENGINE=MyISAM AUTO_INCREMENT=39 DEFAULT CHARSET=utf8 COMMENT='分类表';

-- ----------------------------
-- Records of xcx_category
-- ----------------------------
INSERT INTO `xcx_category` VALUES ('1', 'blog', '博客', '0', '0', '10', '', '', '', '', '', '', '', '2', '2,1', '0', '0', '1', '0', '0', '1', '', '1379474947', '1382701539', '1', '0');
INSERT INTO `xcx_category` VALUES ('2', 'default_blog', '默认分类', '1', '1', '10', '', '', '', '', '', '', '', '2', '2,1,3', '0', '1', '1', '0', '1', '1', '', '1379475028', '1386839751', '1', '31');

-- ----------------------------
-- Table structure for xcx_channel
-- ----------------------------
DROP TABLE IF EXISTS `xcx_channel`;
CREATE TABLE `xcx_channel` (
  `id` int(10) unsigned NOT NULL AUTO_INCREMENT COMMENT '频道ID',
  `pid` int(10) unsigned NOT NULL DEFAULT '0' COMMENT '上级频道ID',
  `title` char(30) NOT NULL COMMENT '频道标题',
  `url` char(100) NOT NULL COMMENT '频道连接',
  `sort` int(10) unsigned NOT NULL DEFAULT '0' COMMENT '导航排序',
  `create_time` int(10) unsigned NOT NULL DEFAULT '0' COMMENT '创建时间',
  `update_time` int(10) unsigned NOT NULL DEFAULT '0' COMMENT '更新时间',
  `status` tinyint(4) NOT NULL DEFAULT '0' COMMENT '状态',
  `target` tinyint(2) unsigned NOT NULL DEFAULT '0' COMMENT '新窗口打开',
  PRIMARY KEY (`id`),
  KEY `pid` (`pid`)
) ENGINE=MyISAM AUTO_INCREMENT=4 DEFAULT CHARSET=utf8;

-- ----------------------------
-- Records of xcx_channel
-- ----------------------------
INSERT INTO `xcx_channel` VALUES ('1', '0', '首页', 'Index/index', '1', '1379475111', '1379923177', '1', '0');
INSERT INTO `xcx_channel` VALUES ('2', '0', '博客', 'Article/index?category=blog', '2', '1379475131', '1379483713', '1', '0');
INSERT INTO `xcx_channel` VALUES ('3', '0', '官网', 'http://www.onethink.cn', '3', '1379475154', '1387163458', '1', '0');

-- ----------------------------
-- Table structure for xcx_config
-- ----------------------------
DROP TABLE IF EXISTS `xcx_config`;
CREATE TABLE `xcx_config` (
  `id` int(10) unsigned NOT NULL AUTO_INCREMENT COMMENT '配置ID',
  `name` varchar(30) NOT NULL DEFAULT '' COMMENT '配置名称',
  `type` tinyint(3) unsigned NOT NULL DEFAULT '0' COMMENT '配置类型',
  `title` varchar(50) NOT NULL DEFAULT '' COMMENT '配置说明',
  `group` tinyint(3) unsigned NOT NULL DEFAULT '0' COMMENT '配置分组',
  `extra` varchar(255) NOT NULL DEFAULT '' COMMENT '配置值',
  `remark` varchar(100) NOT NULL COMMENT '配置说明',
  `create_time` int(10) unsigned NOT NULL DEFAULT '0' COMMENT '创建时间',
  `update_time` int(10) unsigned NOT NULL DEFAULT '0' COMMENT '更新时间',
  `status` tinyint(4) NOT NULL DEFAULT '0' COMMENT '状态',
  `value` text NOT NULL COMMENT '配置值',
  `sort` smallint(3) unsigned NOT NULL DEFAULT '0' COMMENT '排序',
  PRIMARY KEY (`id`),
  UNIQUE KEY `uk_name` (`name`),
  KEY `type` (`type`),
  KEY `group` (`group`)
) ENGINE=MyISAM AUTO_INCREMENT=38 DEFAULT CHARSET=utf8;

-- ----------------------------
-- Records of xcx_config
-- ----------------------------
INSERT INTO `xcx_config` VALUES ('1', 'WEB_SITE_TITLE', '1', '网站标题', '1', '', '网站标题前台显示标题', '1378898976', '1379235274', '1', 'OneThink内容管理框架', '0');
INSERT INTO `xcx_config` VALUES ('2', 'WEB_SITE_DESCRIPTION', '2', '网站描述', '1', '', '网站搜索引擎描述', '1378898976', '1379235841', '1', 'OneThink内容管理框架', '1');
INSERT INTO `xcx_config` VALUES ('3', 'WEB_SITE_KEYWORD', '2', '网站关键字', '1', '', '网站搜索引擎关键字', '1378898976', '1381390100', '1', 'ThinkPHP,OneThink', '8');
INSERT INTO `xcx_config` VALUES ('4', 'WEB_SITE_CLOSE', '4', '关闭站点', '1', '0:关闭,1:开启', '站点关闭后其他用户不能访问，管理员可以正常访问', '1378898976', '1379235296', '1', '1', '1');
INSERT INTO `xcx_config` VALUES ('9', 'CONFIG_TYPE_LIST', '3', '配置类型列表', '4', '', '主要用于数据解析和页面表单的生成', '1378898976', '1379235348', '1', '0:数字\r\n1:字符\r\n2:文本\r\n3:数组\r\n4:枚举', '2');
INSERT INTO `xcx_config` VALUES ('10', 'WEB_SITE_ICP', '1', '网站备案号', '1', '', '设置在网站底部显示的备案号，如“沪ICP备12007941号-2', '1378900335', '1379235859', '1', '', '9');
INSERT INTO `xcx_config` VALUES ('11', 'DOCUMENT_POSITION', '3', '文档推荐位', '2', '', '文档推荐位，推荐到多个位置KEY值相加即可', '1379053380', '1379235329', '1', '1:列表页推荐\r\n2:频道页推荐\r\n4:网站首页推荐', '3');
INSERT INTO `xcx_config` VALUES ('12', 'DOCUMENT_DISPLAY', '3', '文档可见性', '2', '', '文章可见性仅影响前台显示，后台不收影响', '1379056370', '1379235322', '1', '0:所有人可见\r\n1:仅注册会员可见\r\n2:仅管理员可见', '4');
INSERT INTO `xcx_config` VALUES ('13', 'COLOR_STYLE', '4', '后台色系', '1', 'default_color:默认\r\nblue_color:紫罗兰', '后台颜色风格', '1379122533', '1379235904', '1', 'default_color', '10');
INSERT INTO `xcx_config` VALUES ('20', 'CONFIG_GROUP_LIST', '3', '配置分组', '4', '', '配置分组', '1379228036', '1384418383', '1', '1:基本\r\n2:内容\r\n3:用户\r\n4:系统', '4');
INSERT INTO `xcx_config` VALUES ('21', 'HOOKS_TYPE', '3', '钩子的类型', '4', '', '类型 1-用于扩展显示内容，2-用于扩展业务处理', '1379313397', '1379313407', '1', '1:视图\r\n2:控制器', '6');
INSERT INTO `xcx_config` VALUES ('22', 'AUTH_CONFIG', '3', 'Auth配置', '4', '', '自定义Auth.class.php类配置', '1379409310', '1379409564', '1', 'AUTH_ON:1\r\nAUTH_TYPE:2', '8');
INSERT INTO `xcx_config` VALUES ('23', 'OPEN_DRAFTBOX', '4', '是否开启草稿功能', '2', '0:关闭草稿功能\r\n1:开启草稿功能\r\n', '新增文章时的草稿功能配置', '1379484332', '1379484591', '1', '1', '1');
INSERT INTO `xcx_config` VALUES ('24', 'DRAFT_AOTOSAVE_INTERVAL', '0', '自动保存草稿时间', '2', '', '自动保存草稿的时间间隔，单位：秒', '1379484574', '1386143323', '1', '60', '2');
INSERT INTO `xcx_config` VALUES ('25', 'LIST_ROWS', '0', '后台每页记录数', '2', '', '后台数据每页显示记录数', '1379503896', '1380427745', '1', '10', '10');
INSERT INTO `xcx_config` VALUES ('26', 'USER_ALLOW_REGISTER', '4', '是否允许用户注册', '3', '0:关闭注册\r\n1:允许注册', '是否开放用户注册', '1379504487', '1379504580', '1', '1', '3');
INSERT INTO `xcx_config` VALUES ('27', 'CODEMIRROR_THEME', '4', '预览插件的CodeMirror主题', '4', '3024-day:3024 day\r\n3024-night:3024 night\r\nambiance:ambiance\r\nbase16-dark:base16 dark\r\nbase16-light:base16 light\r\nblackboard:blackboard\r\ncobalt:cobalt\r\neclipse:eclipse\r\nelegant:elegant\r\nerlang-dark:erlang-dark\r\nlesser-dark:lesser-dark\r\nmidnight:midnight', '详情见CodeMirror官网', '1379814385', '1384740813', '1', 'ambiance', '3');
INSERT INTO `xcx_config` VALUES ('28', 'DATA_BACKUP_PATH', '1', '数据库备份根路径', '4', '', '路径必须以 / 结尾', '1381482411', '1381482411', '1', './Data/', '5');
INSERT INTO `xcx_config` VALUES ('29', 'DATA_BACKUP_PART_SIZE', '0', '数据库备份卷大小', '4', '', '该值用于限制压缩后的分卷最大长度。单位：B；建议设置20M', '1381482488', '1381729564', '1', '20971520', '7');
INSERT INTO `xcx_config` VALUES ('30', 'DATA_BACKUP_COMPRESS', '4', '数据库备份文件是否启用压缩', '4', '0:不压缩\r\n1:启用压缩', '压缩备份文件需要PHP环境支持gzopen,gzwrite函数', '1381713345', '1381729544', '1', '1', '9');
INSERT INTO `xcx_config` VALUES ('31', 'DATA_BACKUP_COMPRESS_LEVEL', '4', '数据库备份文件压缩级别', '4', '1:普通\r\n4:一般\r\n9:最高', '数据库备份文件的压缩级别，该配置在开启压缩时生效', '1381713408', '1381713408', '1', '9', '10');
INSERT INTO `xcx_config` VALUES ('32', 'DEVELOP_MODE', '4', '开启开发者模式', '4', '0:关闭\r\n1:开启', '是否开启开发者模式', '1383105995', '1383291877', '1', '1', '11');
INSERT INTO `xcx_config` VALUES ('33', 'ALLOW_VISIT', '3', '不受限控制器方法', '0', '', '', '1386644047', '1386644741', '1', '0:article/draftbox\r\n1:article/mydocument\r\n2:Category/tree\r\n3:Index/verify\r\n4:file/upload\r\n5:file/download\r\n6:user/updatePassword\r\n7:user/updateNickname\r\n8:user/submitPassword\r\n9:user/submitNickname\r\n10:file/uploadpicture', '0');
INSERT INTO `xcx_config` VALUES ('34', 'DENY_VISIT', '3', '超管专限控制器方法', '0', '', '仅超级管理员可访问的控制器方法', '1386644141', '1386644659', '1', '0:Addons/addhook\r\n1:Addons/edithook\r\n2:Addons/delhook\r\n3:Addons/updateHook\r\n4:Admin/getMenus\r\n5:Admin/recordList\r\n6:AuthManager/updateRules\r\n7:AuthManager/tree', '0');
INSERT INTO `xcx_config` VALUES ('35', 'REPLY_LIST_ROWS', '0', '回复列表每页条数', '2', '', '', '1386645376', '1387178083', '1', '10', '0');
INSERT INTO `xcx_config` VALUES ('36', 'ADMIN_ALLOW_IP', '2', '后台允许访问IP', '4', '', '多个用逗号分隔，如果不配置表示不限制IP访问', '1387165454', '1387165553', '1', '', '12');
INSERT INTO `xcx_config` VALUES ('37', 'SHOW_PAGE_TRACE', '4', '是否显示页面Trace', '4', '0:关闭\r\n1:开启', '是否显示页面Trace信息', '1387165685', '1387165685', '1', '0', '1');

-- ----------------------------
-- Table structure for xcx_device
-- ----------------------------
DROP TABLE IF EXISTS `xcx_device`;
CREATE TABLE `xcx_device` (
  `id` int(10) unsigned NOT NULL AUTO_INCREMENT,
  `device_id` varchar(255) NOT NULL DEFAULT '' COMMENT '设备ID号',
  `uid` int(11) NOT NULL DEFAULT '0' COMMENT '设备对应的用户ID号',
  `device_name` varchar(255) NOT NULL DEFAULT '' COMMENT '设备名称',
  `create_time` varchar(11) NOT NULL DEFAULT '' COMMENT '添加时间',
  `update_time` varchar(11) NOT NULL DEFAULT '' COMMENT '更新时间',
  `status` tinyint(1) NOT NULL DEFAULT '0' COMMENT '状态',
  `owner` tinyint(4) NOT NULL DEFAULT '0' COMMENT '是否是该设备的主人；默认0：不是；1：是',
  PRIMARY KEY (`id`)
) ENGINE=MyISAM AUTO_INCREMENT=289244 DEFAULT CHARSET=utf8;

-- ----------------------------
-- Records of xcx_device
-- ----------------------------
INSERT INTO `xcx_device` VALUES ('289203', '600194A2A8B3', '49', '体验馆金色屏风', '1528080583', '', '0', '0');
INSERT INTO `xcx_device` VALUES ('289241', 'DC4F22C2F34B', '53', '办公室鱼缸', '1531062387', '', '0', '0');
INSERT INTO `xcx_device` VALUES ('289227', 'DC4F22C2F34E', '48', '百合体验馆黑色', '1529060004', '1529060032', '0', '0');
INSERT INTO `xcx_device` VALUES ('289200', '600194A2A8B3', '90', '体验馆金色屏风', '1527853445', '', '0', '0');
INSERT INTO `xcx_device` VALUES ('289196', '600194A2A8B3', '85', '体验馆金色屏风', '1527828171', '', '0', '0');
INSERT INTO `xcx_device` VALUES ('289240', 'DC4F228EFE4A', '45', '新加设备', '1530184676', '', '0', '1');
INSERT INTO `xcx_device` VALUES ('289198', '600194A2A8B3', '86', '体验馆金色屏风', '1527828816', '', '0', '0');
INSERT INTO `xcx_device` VALUES ('289225', '600194A2A957', '53', '新加设备', '1529059710', '', '0', '1');
INSERT INTO `xcx_device` VALUES ('289086', 'DC4F22C2F34B', '40', '办公室鱼缸', '1524823366', '1527646502', '0', '1');
INSERT INTO `xcx_device` VALUES ('289226', 'DC4F22C2F34E', '40', '体验馆黑色屏风', '1529059951', '1529060049', '0', '1');
INSERT INTO `xcx_device` VALUES ('289192', 'DC4F22C2F34B', '45', 'DC4F22C2F34B', '1527735497', '', '0', '0');
INSERT INTO `xcx_device` VALUES ('289193', '600194A2A8B3', '48', '体验馆金色屏风', '1527772697', '', '0', '0');
INSERT INTO `xcx_device` VALUES ('289085', '600194A2A8B3', '40', '体验馆金色屏风', '1524823366', '1527646466', '0', '1');
INSERT INTO `xcx_device` VALUES ('289237', '600194A2A957', '93', '新加设备', '1529489019', '1529544710', '0', '0');
INSERT INTO `xcx_device` VALUES ('289205', 'DC4F22C2F34B', '75', '办公室鱼缸', '1528461125', '', '0', '0');
INSERT INTO `xcx_device` VALUES ('289206', '600194A2A8B5', '48', '云谷白色', '1528513310', '1528513680', '0', '0');
INSERT INTO `xcx_device` VALUES ('289208', '600194A2A8B5', '40', '天安云谷', '1528873726', '1531211880', '0', '1');
INSERT INTO `xcx_device` VALUES ('289214', '600194A2A8B3', '52', '新加设备', '1528880379', '', '0', '0');
INSERT INTO `xcx_device` VALUES ('289236', '600194A2A958', '45', '新加设备', '1529392194', '', '0', '1');
INSERT INTO `xcx_device` VALUES ('289242', 'DC4F22C2F34E', '85', '体验馆黑色屏风', '1531210336', '', '0', '0');

-- ----------------------------
-- Table structure for xcx_document
-- ----------------------------
DROP TABLE IF EXISTS `xcx_document`;
CREATE TABLE `xcx_document` (
  `id` int(10) unsigned NOT NULL AUTO_INCREMENT COMMENT '文档ID',
  `uid` int(10) unsigned NOT NULL DEFAULT '0' COMMENT '用户ID',
  `name` char(40) NOT NULL DEFAULT '' COMMENT '标识',
  `title` char(80) NOT NULL DEFAULT '' COMMENT '标题',
  `category_id` int(10) unsigned NOT NULL COMMENT '所属分类',
  `description` char(140) NOT NULL DEFAULT '' COMMENT '描述',
  `root` int(10) unsigned NOT NULL DEFAULT '0' COMMENT '根节点',
  `pid` int(10) unsigned NOT NULL DEFAULT '0' COMMENT '所属ID',
  `model_id` tinyint(3) unsigned NOT NULL DEFAULT '0' COMMENT '内容模型ID',
  `type` tinyint(3) unsigned NOT NULL DEFAULT '2' COMMENT '内容类型',
  `position` smallint(5) unsigned NOT NULL DEFAULT '0' COMMENT '推荐位',
  `link_id` int(10) unsigned NOT NULL DEFAULT '0' COMMENT '外链',
  `cover_id` int(10) unsigned NOT NULL DEFAULT '0' COMMENT '封面',
  `display` tinyint(3) unsigned NOT NULL DEFAULT '1' COMMENT '可见性',
  `deadline` int(10) unsigned NOT NULL DEFAULT '0' COMMENT '截至时间',
  `attach` tinyint(3) unsigned NOT NULL DEFAULT '0' COMMENT '附件数量',
  `view` int(10) unsigned NOT NULL DEFAULT '0' COMMENT '浏览量',
  `comment` int(10) unsigned NOT NULL DEFAULT '0' COMMENT '评论数',
  `extend` int(10) unsigned NOT NULL DEFAULT '0' COMMENT '扩展统计字段',
  `level` int(10) NOT NULL DEFAULT '0' COMMENT '优先级',
  `create_time` int(10) unsigned NOT NULL DEFAULT '0' COMMENT '创建时间',
  `update_time` int(10) unsigned NOT NULL DEFAULT '0' COMMENT '更新时间',
  `status` tinyint(4) NOT NULL DEFAULT '0' COMMENT '数据状态',
  PRIMARY KEY (`id`),
  KEY `idx_category_status` (`category_id`,`status`),
  KEY `idx_status_type_pid` (`status`,`uid`,`pid`)
) ENGINE=MyISAM AUTO_INCREMENT=2 DEFAULT CHARSET=utf8 COMMENT='文档模型基础表';

-- ----------------------------
-- Records of xcx_document
-- ----------------------------
INSERT INTO `xcx_document` VALUES ('1', '1', '', 'OneThink1.0正式版发布', '2', '大家期待的OneThink正式版发布', '0', '0', '2', '2', '0', '0', '0', '1', '0', '0', '8', '0', '0', '0', '1387260660', '1387263112', '1');

-- ----------------------------
-- Table structure for xcx_document_article
-- ----------------------------
DROP TABLE IF EXISTS `xcx_document_article`;
CREATE TABLE `xcx_document_article` (
  `id` int(10) unsigned NOT NULL DEFAULT '0' COMMENT '文档ID',
  `parse` tinyint(3) unsigned NOT NULL DEFAULT '0' COMMENT '内容解析类型',
  `content` text NOT NULL COMMENT '文章内容',
  `template` varchar(100) NOT NULL DEFAULT '' COMMENT '详情页显示模板',
  `bookmark` int(10) unsigned NOT NULL DEFAULT '0' COMMENT '收藏数',
  PRIMARY KEY (`id`)
) ENGINE=MyISAM DEFAULT CHARSET=utf8 COMMENT='文档模型文章表';

-- ----------------------------
-- Records of xcx_document_article
-- ----------------------------
INSERT INTO `xcx_document_article` VALUES ('1', '0', '<h1>\r\n	OneThink1.0正式版发布&nbsp;\r\n</h1>\r\n<p>\r\n	<br />\r\n</p>\r\n<p>\r\n	<strong>OneThink是一个开源的内容管理框架，基于最新的ThinkPHP3.2版本开发，提供更方便、更安全的WEB应用开发体验，采用了全新的架构设计和命名空间机制，融合了模块化、驱动化和插件化的设计理念于一体，开启了国内WEB应用傻瓜式开发的新潮流。&nbsp;</strong> \r\n</p>\r\n<h2>\r\n	主要特性：\r\n</h2>\r\n<p>\r\n	1. 基于ThinkPHP最新3.2版本。\r\n</p>\r\n<p>\r\n	2. 模块化：全新的架构和模块化的开发机制，便于灵活扩展和二次开发。&nbsp;\r\n</p>\r\n<p>\r\n	3. 文档模型/分类体系：通过和文档模型绑定，以及不同的文档类型，不同分类可以实现差异化的功能，轻松实现诸如资讯、下载、讨论和图片等功能。\r\n</p>\r\n<p>\r\n	4. 开源免费：OneThink遵循Apache2开源协议,免费提供使用。&nbsp;\r\n</p>\r\n<p>\r\n	5. 用户行为：支持自定义用户行为，可以对单个用户或者群体用户的行为进行记录及分享，为您的运营决策提供有效参考数据。\r\n</p>\r\n<p>\r\n	6. 云端部署：通过驱动的方式可以轻松支持平台的部署，让您的网站无缝迁移，内置已经支持SAE和BAE3.0。\r\n</p>\r\n<p>\r\n	7. 云服务支持：即将启动支持云存储、云安全、云过滤和云统计等服务，更多贴心的服务让您的网站更安心。\r\n</p>\r\n<p>\r\n	8. 安全稳健：提供稳健的安全策略，包括备份恢复、容错、防止恶意攻击登录，网页防篡改等多项安全管理功能，保证系统安全，可靠、稳定的运行。&nbsp;\r\n</p>\r\n<p>\r\n	9. 应用仓库：官方应用仓库拥有大量来自第三方插件和应用模块、模板主题，有众多来自开源社区的贡献，让您的网站“One”美无缺。&nbsp;\r\n</p>\r\n<p>\r\n	<br />\r\n</p>\r\n<p>\r\n	<strong>&nbsp;OneThink集成了一个完善的后台管理体系和前台模板标签系统，让你轻松管理数据和进行前台网站的标签式开发。&nbsp;</strong> \r\n</p>\r\n<p>\r\n	<br />\r\n</p>\r\n<h2>\r\n	后台主要功能：\r\n</h2>\r\n<p>\r\n	1. 用户Passport系统\r\n</p>\r\n<p>\r\n	2. 配置管理系统&nbsp;\r\n</p>\r\n<p>\r\n	3. 权限控制系统\r\n</p>\r\n<p>\r\n	4. 后台建模系统&nbsp;\r\n</p>\r\n<p>\r\n	5. 多级分类系统&nbsp;\r\n</p>\r\n<p>\r\n	6. 用户行为系统&nbsp;\r\n</p>\r\n<p>\r\n	7. 钩子和插件系统\r\n</p>\r\n<p>\r\n	8. 系统日志系统&nbsp;\r\n</p>\r\n<p>\r\n	9. 数据备份和还原\r\n</p>\r\n<p>\r\n	<br />\r\n</p>\r\n<p>\r\n	&nbsp;[ 官方下载：&nbsp;<a href=\"http://www.onethink.cn/download.html\" target=\"_blank\">http://www.onethink.cn/download.html</a>&nbsp;&nbsp;开发手册：<a href=\"http://document.onethink.cn/\" target=\"_blank\">http://document.onethink.cn/</a>&nbsp;]&nbsp;\r\n</p>\r\n<p>\r\n	<br />\r\n</p>\r\n<p>\r\n	<strong>OneThink开发团队 2013</strong> \r\n</p>', '', '0');

-- ----------------------------
-- Table structure for xcx_document_download
-- ----------------------------
DROP TABLE IF EXISTS `xcx_document_download`;
CREATE TABLE `xcx_document_download` (
  `id` int(10) unsigned NOT NULL DEFAULT '0' COMMENT '文档ID',
  `parse` tinyint(3) unsigned NOT NULL DEFAULT '0' COMMENT '内容解析类型',
  `content` text NOT NULL COMMENT '下载详细描述',
  `template` varchar(100) NOT NULL DEFAULT '' COMMENT '详情页显示模板',
  `file_id` int(10) unsigned NOT NULL DEFAULT '0' COMMENT '文件ID',
  `download` int(10) unsigned NOT NULL DEFAULT '0' COMMENT '下载次数',
  `size` bigint(20) unsigned NOT NULL DEFAULT '0' COMMENT '文件大小',
  PRIMARY KEY (`id`)
) ENGINE=MyISAM DEFAULT CHARSET=utf8 COMMENT='文档模型下载表';

-- ----------------------------
-- Records of xcx_document_download
-- ----------------------------

-- ----------------------------
-- Table structure for xcx_file
-- ----------------------------
DROP TABLE IF EXISTS `xcx_file`;
CREATE TABLE `xcx_file` (
  `id` int(10) unsigned NOT NULL AUTO_INCREMENT COMMENT '文件ID',
  `name` char(30) NOT NULL DEFAULT '' COMMENT '原始文件名',
  `savename` char(20) NOT NULL DEFAULT '' COMMENT '保存名称',
  `savepath` char(30) NOT NULL DEFAULT '' COMMENT '文件保存路径',
  `ext` char(5) NOT NULL DEFAULT '' COMMENT '文件后缀',
  `mime` char(40) NOT NULL DEFAULT '' COMMENT '文件mime类型',
  `size` int(10) unsigned NOT NULL DEFAULT '0' COMMENT '文件大小',
  `md5` char(32) NOT NULL DEFAULT '' COMMENT '文件md5',
  `sha1` char(40) NOT NULL DEFAULT '' COMMENT '文件 sha1编码',
  `location` tinyint(3) unsigned NOT NULL DEFAULT '0' COMMENT '文件保存位置',
  `create_time` int(10) unsigned NOT NULL COMMENT '上传时间',
  PRIMARY KEY (`id`),
  UNIQUE KEY `uk_md5` (`md5`)
) ENGINE=MyISAM DEFAULT CHARSET=utf8 COMMENT='文件表';

-- ----------------------------
-- Records of xcx_file
-- ----------------------------

-- ----------------------------
-- Table structure for xcx_forget_token
-- ----------------------------
DROP TABLE IF EXISTS `xcx_forget_token`;
CREATE TABLE `xcx_forget_token` (
  `id` int(11) NOT NULL AUTO_INCREMENT,
  `uid` int(11) NOT NULL DEFAULT '0',
  `token` varchar(255) NOT NULL DEFAULT '',
  `create_time` varchar(11) NOT NULL DEFAULT '',
  `is_use` tinyint(1) NOT NULL DEFAULT '0',
  PRIMARY KEY (`id`)
) ENGINE=MyISAM AUTO_INCREMENT=87 DEFAULT CHARSET=utf8;

-- ----------------------------
-- Records of xcx_forget_token
-- ----------------------------
INSERT INTO `xcx_forget_token` VALUES ('83', '2', '56apaYmaOF2eLvHG', '1524912375', '1');
INSERT INTO `xcx_forget_token` VALUES ('84', '1', '2kw0PSyWgLhhkyqp', '1524971520', '1');
INSERT INTO `xcx_forget_token` VALUES ('85', '1', 'SP5eK5vMdyHfv4Eg', '1524971944', '0');
INSERT INTO `xcx_forget_token` VALUES ('86', '1', 'oLiNhXzonNCeFR8E', '1525226470', '0');

-- ----------------------------
-- Table structure for xcx_hooks
-- ----------------------------
DROP TABLE IF EXISTS `xcx_hooks`;
CREATE TABLE `xcx_hooks` (
  `id` int(10) unsigned NOT NULL AUTO_INCREMENT COMMENT '主键',
  `name` varchar(40) NOT NULL DEFAULT '' COMMENT '钩子名称',
  `description` text NOT NULL COMMENT '描述',
  `type` tinyint(1) unsigned NOT NULL DEFAULT '1' COMMENT '类型',
  `update_time` int(10) unsigned NOT NULL DEFAULT '0' COMMENT '更新时间',
  `addons` varchar(255) NOT NULL DEFAULT '' COMMENT '钩子挂载的插件 ''，''分割',
  PRIMARY KEY (`id`),
  UNIQUE KEY `name` (`name`)
) ENGINE=MyISAM AUTO_INCREMENT=17 DEFAULT CHARSET=utf8;

-- ----------------------------
-- Records of xcx_hooks
-- ----------------------------
INSERT INTO `xcx_hooks` VALUES ('1', 'pageHeader', '页面header钩子，一般用于加载插件CSS文件和代码', '1', '0', '');
INSERT INTO `xcx_hooks` VALUES ('2', 'pageFooter', '页面footer钩子，一般用于加载插件JS文件和JS代码', '1', '0', 'ReturnTop');
INSERT INTO `xcx_hooks` VALUES ('3', 'documentEditForm', '添加编辑表单的 扩展内容钩子', '1', '0', 'Attachment');
INSERT INTO `xcx_hooks` VALUES ('4', 'documentDetailAfter', '文档末尾显示', '1', '0', 'Attachment,SocialComment');
INSERT INTO `xcx_hooks` VALUES ('5', 'documentDetailBefore', '页面内容前显示用钩子', '1', '0', '');
INSERT INTO `xcx_hooks` VALUES ('6', 'documentSaveComplete', '保存文档数据后的扩展钩子', '2', '0', 'Attachment');
INSERT INTO `xcx_hooks` VALUES ('7', 'documentEditFormContent', '添加编辑表单的内容显示钩子', '1', '0', 'Editor');
INSERT INTO `xcx_hooks` VALUES ('8', 'adminArticleEdit', '后台内容编辑页编辑器', '1', '1378982734', 'EditorForAdmin');
INSERT INTO `xcx_hooks` VALUES ('13', 'AdminIndex', '首页小格子个性化显示', '1', '1382596073', 'SiteStat,SystemInfo,DevTeam');
INSERT INTO `xcx_hooks` VALUES ('14', 'topicComment', '评论提交方式扩展钩子。', '1', '1380163518', 'Editor');
INSERT INTO `xcx_hooks` VALUES ('16', 'app_begin', '应用开始', '2', '1384481614', '');

-- ----------------------------
-- Table structure for xcx_login_log
-- ----------------------------
DROP TABLE IF EXISTS `xcx_login_log`;
CREATE TABLE `xcx_login_log` (
  `uid` int(10) unsigned NOT NULL DEFAULT '0',
  `token` varchar(255) NOT NULL DEFAULT '' COMMENT '用户登录态校验码',
  `create_time` varchar(11) NOT NULL COMMENT '记录用户首次登录时间',
  `update_time` varchar(11) NOT NULL COMMENT '记录用户上次登录时间',
  PRIMARY KEY (`uid`)
) ENGINE=MyISAM DEFAULT CHARSET=utf8;

-- ----------------------------
-- Records of xcx_login_log
-- ----------------------------
INSERT INTO `xcx_login_log` VALUES ('1', 'd22dca8c16e83791c9f1002f8cb93ed6', '1522231919', '1523245566');
INSERT INTO `xcx_login_log` VALUES ('15', '38185b1bb28b9c1b3916c0ddc2243e8f', '1522232374', '');
INSERT INTO `xcx_login_log` VALUES ('16', '52a6b5881928382a19cf0887351ffab9', '1522286135', '');
INSERT INTO `xcx_login_log` VALUES ('17', 'e2ed020c11186cf033252d54b9ff676d', '1522288574', '1523354352');
INSERT INTO `xcx_login_log` VALUES ('18', 'e4f567396fd64afb35f97648cca1ce63', '1522319916', '1522825023');
INSERT INTO `xcx_login_log` VALUES ('19', 'c81418c2e48eb19d6757f1bdbdbc41ce', '1522382998', '1522848945');
INSERT INTO `xcx_login_log` VALUES ('20', '08fb95aa605f8fe16cad57634c994d0a', '1522397507', '');
INSERT INTO `xcx_login_log` VALUES ('21', '4097d1ab2520243ea38635ff2c92cb1c', '1522554208', '');
INSERT INTO `xcx_login_log` VALUES ('22', '6a60301f31bdc75e8f86a9997c3d6b6d', '1522602175', '');
INSERT INTO `xcx_login_log` VALUES ('23', 'b7bfa402caa6871eddd11e22ba0d77a9', '1523178037', '');
INSERT INTO `xcx_login_log` VALUES ('24', '99e809409dcb53eccfb2025e2c6ab2a2', '1523178038', '');
INSERT INTO `xcx_login_log` VALUES ('25', 'c15831633ec18b99e8a4a5940d533ba1', '1523178040', '');
INSERT INTO `xcx_login_log` VALUES ('26', 'c15831633ec18b99e8a4a5940d533ba1', '1523178040', '');
INSERT INTO `xcx_login_log` VALUES ('27', '66510417a2bfd6534c37bf60c7d3852a', '1523178043', '');
INSERT INTO `xcx_login_log` VALUES ('28', '3ea06fb2d7f1447184891486dd1d5983', '1523245583', '');
INSERT INTO `xcx_login_log` VALUES ('29', '1b2a21a6a2592268e43f27bc5a33aba4', '1523268775', '1523416884');
INSERT INTO `xcx_login_log` VALUES ('30', '4171ea970ad1a52eb065d4a4d0df5de8', '1523503818', '');
INSERT INTO `xcx_login_log` VALUES ('31', '1b58409416bf3627a481b395a60f19b0', '1523505083', '');
INSERT INTO `xcx_login_log` VALUES ('32', '10f42e19a8cee8ecb62c4a145e5304e5', '1523512633', '1523512888');
INSERT INTO `xcx_login_log` VALUES ('34', '939043e8d7f50fb03185c009c608e710', '1523513683', '');
INSERT INTO `xcx_login_log` VALUES ('35', '5618979d01bf887e80e7b2a3d87384f5', '1523513847', '1524448093');
INSERT INTO `xcx_login_log` VALUES ('36', '3073e32088488d879c70b47d9c53c38d', '1523587096', '');
INSERT INTO `xcx_login_log` VALUES ('37', 'cbd8679f003370db6c0a4ade076e4434', '1523587176', '1525247787');
INSERT INTO `xcx_login_log` VALUES ('38', 'd92846b08a6df4bcd6d272e116e6b5d8', '1523587303', '1525066074');
INSERT INTO `xcx_login_log` VALUES ('39', 'd9e369f917b1f2f691bfb812346a58b8', '1523606874', '1528468896');
INSERT INTO `xcx_login_log` VALUES ('40', 'f4587c3639a650791069f951060a0334', '1523695003', '1526460427');
INSERT INTO `xcx_login_log` VALUES ('41', '01a7d5e9490e19045d758d6dafd9765d', '1524043672', '');
INSERT INTO `xcx_login_log` VALUES ('42', '01a7d5e9490e19045d758d6dafd9765d', '1524043672', '');
INSERT INTO `xcx_login_log` VALUES ('43', '01a7d5e9490e19045d758d6dafd9765d', '1524043672', '');
INSERT INTO `xcx_login_log` VALUES ('44', '3c031644377e2d303e47354cf456e40d', '1524043676', '');
INSERT INTO `xcx_login_log` VALUES ('45', 'e67d3f51463c9ec25497c523617691cd', '1524051086', '1529415436');
INSERT INTO `xcx_login_log` VALUES ('46', '4e90c23ad00192182912e335b64f22aa', '1524056443', '');
INSERT INTO `xcx_login_log` VALUES ('48', '88681dd15cf699b1b4d45cf537413207', '1524123747', '1524130274');
INSERT INTO `xcx_login_log` VALUES ('49', 'ac95894351b70f3b58a44b51f4e65c45', '1524131720', '1528080564');
INSERT INTO `xcx_login_log` VALUES ('50', '1cb1c7c0c215cac6c429765f13762a90', '1524202984', '');
INSERT INTO `xcx_login_log` VALUES ('51', 'e91586762cf3efff1e24003c661228af', '1524448348', '');
INSERT INTO `xcx_login_log` VALUES ('52', 'e108f5cfe0fa7b04ecf01c0a363c143e', '1524448396', '1530946687');
INSERT INTO `xcx_login_log` VALUES ('53', '837b78d5cd91d899aa0c17fcddcab771', '1524457527', '1527164719');
INSERT INTO `xcx_login_log` VALUES ('54', '241cbaee83ae4cd739715625813672c4', '1524553601', '');
INSERT INTO `xcx_login_log` VALUES ('55', 'cc42b850227691f468f8d27ffc9adcbc', '1524557798', '');
INSERT INTO `xcx_login_log` VALUES ('56', '164637b85f593941dcbdbca1f4f972c8', '1524657294', '');
INSERT INTO `xcx_login_log` VALUES ('57', '38afe814d51460419494b2d3d3440037', '1524831197', '1528875551');
INSERT INTO `xcx_login_log` VALUES ('58', 'eee83510fa771a76cd648329a0552151', '1524872133', '');
INSERT INTO `xcx_login_log` VALUES ('59', '004701f284544cf20119e15ce5731e30', '1524872812', '');
INSERT INTO `xcx_login_log` VALUES ('60', 'c7350f605dcb99eefa4f9d0baaf6310a', '1524889555', '');
INSERT INTO `xcx_login_log` VALUES ('61', 'b2b8d0158bcffd64ca8c95c6d18be47a', '1524970054', '');
INSERT INTO `xcx_login_log` VALUES ('62', '4944069c39a6ffaf445678e01ae5937b', '1524970131', '');
INSERT INTO `xcx_login_log` VALUES ('63', '0a4e226fa8ef840ccb6306b14587ae78', '1524970254', '');
INSERT INTO `xcx_login_log` VALUES ('64', '7e3dfbffd48681002a4adab99c09a65f', '1524971214', '');
INSERT INTO `xcx_login_log` VALUES ('65', '8226220d236afd5a319c4349921c1225', '1524972735', '1529046831');
INSERT INTO `xcx_login_log` VALUES ('66', 'd44b90bad03bbef274d53a8a77aa33df', '1524973599', '1529910167');
INSERT INTO `xcx_login_log` VALUES ('67', 'cb6777db6172287dc94203fa56dfa2f6', '1525164438', '');
INSERT INTO `xcx_login_log` VALUES ('68', 'ce9fd205f657ca6535f4c17c82dc3c1f', '1525230773', '');
INSERT INTO `xcx_login_log` VALUES ('69', 'a2c669223200be0e67904e760074d2f3', '1525242865', '');
INSERT INTO `xcx_login_log` VALUES ('70', '46319e9ae94f45fdc9772d263d6c5ebc', '1525247125', '');
INSERT INTO `xcx_login_log` VALUES ('71', 'f08716bd61a86fb64eb2f8fd3596d9f0', '1525254794', '');
INSERT INTO `xcx_login_log` VALUES ('72', '3b410752856e0f4cd2223bb059e86793', '1525254804', '');
INSERT INTO `xcx_login_log` VALUES ('73', '5381d9e981daea8dbd3b648da1bcde72', '1525254822', '');
INSERT INTO `xcx_login_log` VALUES ('74', '9d70b052737d2558c195141c9f043c08', '1525256405', '');
INSERT INTO `xcx_login_log` VALUES ('75', 'e4fbaa784e3ef7b29986d1bbce007849', '1525261340', '1529801586');
INSERT INTO `xcx_login_log` VALUES ('76', '01127db451e9fcc107cd1c2bd645216c', '1525261555', '');
INSERT INTO `xcx_login_log` VALUES ('77', '8be8df25820d64c6de49849332e17bce', '1525262194', '');
INSERT INTO `xcx_login_log` VALUES ('78', 'f07bb555aba639b387d63a65c90554b5', '1525262241', '');
INSERT INTO `xcx_login_log` VALUES ('79', '6f999c3ee4417baeb80b66ce1eebb21d', '1525262782', '');
INSERT INTO `xcx_login_log` VALUES ('80', '3857b0d65f5b425f0437d5f6e56f1f75', '1525267054', '');
INSERT INTO `xcx_login_log` VALUES ('81', 'd960fdc8819afeb656ad54af00945db3', '1525270597', '');
INSERT INTO `xcx_login_log` VALUES ('82', '84cddb69ecd415250abbf208252fb024', '1525938782', '');
INSERT INTO `xcx_login_log` VALUES ('83', '1cf570879924932e7dcea97fe7e0369f', '1525952448', '');
INSERT INTO `xcx_login_log` VALUES ('84', 'ba28a8d0e80a8cedcb93755c00eb07d0', '1526363336', '');
INSERT INTO `xcx_login_log` VALUES ('85', '6dde054e712d2bfa33ad929d18c192dc', '1526726143', '1531194655');
INSERT INTO `xcx_login_log` VALUES ('86', '0bc1cca0485a8ed22919de35ed211803', '1527163639', '1531210347');
INSERT INTO `xcx_login_log` VALUES ('87', '02b899a11ad09ccfeb87ed79cccd8dcc', '1527422052', '');
INSERT INTO `xcx_login_log` VALUES ('88', '8dd0feef062132d54f0f735a3420e49d', '1527660799', '1530805101');
INSERT INTO `xcx_login_log` VALUES ('89', 'c37bd93ed18b50f55f36e9e7ee750eac', '1527732393', '');
INSERT INTO `xcx_login_log` VALUES ('90', 'db34a499052e3eb3012d0a177306df86', '1527853415', '');
INSERT INTO `xcx_login_log` VALUES ('91', 'c8cf10e7f33e59f797439a07a1f6bb22', '1527942177', '');
INSERT INTO `xcx_login_log` VALUES ('92', '708a44fd3dbcc419b4045860792fb01c', '1529406038', '');
INSERT INTO `xcx_login_log` VALUES ('93', 'd66cf62a3c90dde417b90838766381d4', '1529484555', '');

-- ----------------------------
-- Table structure for xcx_member
-- ----------------------------
DROP TABLE IF EXISTS `xcx_member`;
CREATE TABLE `xcx_member` (
  `uid` int(10) unsigned NOT NULL AUTO_INCREMENT COMMENT '用户ID',
  `nickname` char(16) NOT NULL DEFAULT '' COMMENT '昵称',
  `sex` tinyint(3) unsigned NOT NULL DEFAULT '0' COMMENT '性别',
  `birthday` date NOT NULL DEFAULT '0000-00-00' COMMENT '生日',
  `qq` char(10) NOT NULL DEFAULT '' COMMENT 'qq号',
  `score` mediumint(8) NOT NULL DEFAULT '0' COMMENT '用户积分',
  `login` int(10) unsigned NOT NULL DEFAULT '0' COMMENT '登录次数',
  `reg_ip` bigint(20) NOT NULL DEFAULT '0' COMMENT '注册IP',
  `reg_time` int(10) unsigned NOT NULL DEFAULT '0' COMMENT '注册时间',
  `last_login_ip` bigint(20) NOT NULL DEFAULT '0' COMMENT '最后登录IP',
  `last_login_time` int(10) unsigned NOT NULL DEFAULT '0' COMMENT '最后登录时间',
  `status` tinyint(4) NOT NULL DEFAULT '0' COMMENT '会员状态',
  PRIMARY KEY (`uid`),
  KEY `status` (`status`)
) ENGINE=MyISAM AUTO_INCREMENT=4 DEFAULT CHARSET=utf8 COMMENT='会员表';

-- ----------------------------
-- Records of xcx_member
-- ----------------------------
INSERT INTO `xcx_member` VALUES ('1', 'qiao', '0', '0000-00-00', '', '260', '80', '0', '1521704725', '1942389033', '1531210990', '1');
INSERT INTO `xcx_member` VALUES ('2', 'waha', '0', '0000-00-00', '', '10', '3', '0', '0', '1942541639', '1524912583', '1');
INSERT INTO `xcx_member` VALUES ('3', 'Marvin', '0', '0000-00-00', '', '20', '4', '0', '0', '2004592558', '1528084933', '1');

-- ----------------------------
-- Table structure for xcx_menu
-- ----------------------------
DROP TABLE IF EXISTS `xcx_menu`;
CREATE TABLE `xcx_menu` (
  `id` int(10) unsigned NOT NULL AUTO_INCREMENT COMMENT '文档ID',
  `title` varchar(50) NOT NULL DEFAULT '' COMMENT '标题',
  `pid` int(10) unsigned NOT NULL DEFAULT '0' COMMENT '上级分类ID',
  `sort` int(10) unsigned NOT NULL DEFAULT '0' COMMENT '排序（同级有效）',
  `url` char(255) NOT NULL DEFAULT '' COMMENT '链接地址',
  `hide` tinyint(1) unsigned NOT NULL DEFAULT '0' COMMENT '是否隐藏',
  `tip` varchar(255) NOT NULL DEFAULT '' COMMENT '提示',
  `group` varchar(50) DEFAULT '' COMMENT '分组',
  `is_dev` tinyint(1) unsigned NOT NULL DEFAULT '0' COMMENT '是否仅开发者模式可见',
  PRIMARY KEY (`id`),
  KEY `pid` (`pid`)
) ENGINE=MyISAM AUTO_INCREMENT=135 DEFAULT CHARSET=utf8;

-- ----------------------------
-- Records of xcx_menu
-- ----------------------------
INSERT INTO `xcx_menu` VALUES ('1', '首页', '0', '1', 'Index/index', '1', '', '', '0');
INSERT INTO `xcx_menu` VALUES ('2', '内容', '0', '2', 'Article/mydocument', '1', '', '', '0');
INSERT INTO `xcx_menu` VALUES ('3', '文档列表', '2', '0', 'article/index', '1', '', '内容', '0');
INSERT INTO `xcx_menu` VALUES ('4', '新增', '3', '0', 'article/add', '0', '', '', '0');
INSERT INTO `xcx_menu` VALUES ('5', '编辑', '3', '0', 'article/edit', '0', '', '', '0');
INSERT INTO `xcx_menu` VALUES ('6', '改变状态', '3', '0', 'article/setStatus', '0', '', '', '0');
INSERT INTO `xcx_menu` VALUES ('7', '保存', '3', '0', 'article/update', '0', '', '', '0');
INSERT INTO `xcx_menu` VALUES ('8', '保存草稿', '3', '0', 'article/autoSave', '0', '', '', '0');
INSERT INTO `xcx_menu` VALUES ('9', '移动', '3', '0', 'article/move', '0', '', '', '0');
INSERT INTO `xcx_menu` VALUES ('10', '复制', '3', '0', 'article/copy', '0', '', '', '0');
INSERT INTO `xcx_menu` VALUES ('11', '粘贴', '3', '0', 'article/paste', '0', '', '', '0');
INSERT INTO `xcx_menu` VALUES ('12', '导入', '3', '0', 'article/batchOperate', '0', '', '', '0');
INSERT INTO `xcx_menu` VALUES ('13', '回收站', '2', '0', 'article/recycle', '1', '', '内容', '0');
INSERT INTO `xcx_menu` VALUES ('14', '还原', '13', '0', 'article/permit', '0', '', '', '0');
INSERT INTO `xcx_menu` VALUES ('15', '清空', '13', '0', 'article/clear', '0', '', '', '0');
INSERT INTO `xcx_menu` VALUES ('16', '用户', '0', '0', 'User/index', '0', '', '', '0');
INSERT INTO `xcx_menu` VALUES ('17', '普通用户', '16', '1', 'User/user', '0', '', '用户管理', '0');
INSERT INTO `xcx_menu` VALUES ('18', '新增用户', '17', '0', 'User/add', '0', '添加新用户', '', '0');
INSERT INTO `xcx_menu` VALUES ('19', '用户行为', '16', '0', 'User/action', '1', '', '行为管理', '0');
INSERT INTO `xcx_menu` VALUES ('20', '新增用户行为', '19', '0', 'User/addaction', '0', '', '', '0');
INSERT INTO `xcx_menu` VALUES ('21', '编辑用户行为', '19', '0', 'User/editaction', '0', '', '', '0');
INSERT INTO `xcx_menu` VALUES ('22', '保存用户行为', '19', '0', 'User/saveAction', '0', '\"用户->用户行为\"保存编辑和新增的用户行为', '', '0');
INSERT INTO `xcx_menu` VALUES ('23', '变更行为状态', '19', '0', 'User/setStatus', '0', '\"用户->用户行为\"中的启用,禁用和删除权限', '', '0');
INSERT INTO `xcx_menu` VALUES ('24', '禁用会员', '19', '0', 'User/changeStatus?method=forbidUser', '0', '\"用户->用户信息\"中的禁用', '', '0');
INSERT INTO `xcx_menu` VALUES ('25', '启用会员', '19', '0', 'User/changeStatus?method=resumeUser', '0', '\"用户->用户信息\"中的启用', '', '0');
INSERT INTO `xcx_menu` VALUES ('26', '删除会员', '19', '0', 'User/changeStatus?method=deleteUser', '0', '\"用户->用户信息\"中的删除', '', '0');
INSERT INTO `xcx_menu` VALUES ('27', '权限管理', '16', '0', 'AuthManager/index', '1', '', '用户管理', '0');
INSERT INTO `xcx_menu` VALUES ('28', '删除', '27', '0', 'AuthManager/changeStatus?method=deleteGroup', '0', '删除用户组', '', '0');
INSERT INTO `xcx_menu` VALUES ('29', '禁用', '27', '0', 'AuthManager/changeStatus?method=forbidGroup', '0', '禁用用户组', '', '0');
INSERT INTO `xcx_menu` VALUES ('30', '恢复', '27', '0', 'AuthManager/changeStatus?method=resumeGroup', '0', '恢复已禁用的用户组', '', '0');
INSERT INTO `xcx_menu` VALUES ('31', '新增', '27', '0', 'AuthManager/createGroup', '0', '创建新的用户组', '', '0');
INSERT INTO `xcx_menu` VALUES ('32', '编辑', '27', '0', 'AuthManager/editGroup', '0', '编辑用户组名称和描述', '', '0');
INSERT INTO `xcx_menu` VALUES ('33', '保存用户组', '27', '0', 'AuthManager/writeGroup', '0', '新增和编辑用户组的\"保存\"按钮', '', '0');
INSERT INTO `xcx_menu` VALUES ('34', '授权', '27', '0', 'AuthManager/group', '0', '\"后台 \\ 用户 \\ 用户信息\"列表页的\"授权\"操作按钮,用于设置用户所属用户组', '', '0');
INSERT INTO `xcx_menu` VALUES ('35', '访问授权', '27', '0', 'AuthManager/access', '0', '\"后台 \\ 用户 \\ 权限管理\"列表页的\"访问授权\"操作按钮', '', '0');
INSERT INTO `xcx_menu` VALUES ('36', '成员授权', '27', '0', 'AuthManager/user', '0', '\"后台 \\ 用户 \\ 权限管理\"列表页的\"成员授权\"操作按钮', '', '0');
INSERT INTO `xcx_menu` VALUES ('37', '解除授权', '27', '0', 'AuthManager/removeFromGroup', '0', '\"成员授权\"列表页内的解除授权操作按钮', '', '0');
INSERT INTO `xcx_menu` VALUES ('38', '保存成员授权', '27', '0', 'AuthManager/addToGroup', '0', '\"用户信息\"列表页\"授权\"时的\"保存\"按钮和\"成员授权\"里右上角的\"添加\"按钮)', '', '0');
INSERT INTO `xcx_menu` VALUES ('39', '分类授权', '27', '0', 'AuthManager/category', '0', '\"后台 \\ 用户 \\ 权限管理\"列表页的\"分类授权\"操作按钮', '', '0');
INSERT INTO `xcx_menu` VALUES ('40', '保存分类授权', '27', '0', 'AuthManager/addToCategory', '0', '\"分类授权\"页面的\"保存\"按钮', '', '0');
INSERT INTO `xcx_menu` VALUES ('41', '模型授权', '27', '0', 'AuthManager/modelauth', '0', '\"后台 \\ 用户 \\ 权限管理\"列表页的\"模型授权\"操作按钮', '', '0');
INSERT INTO `xcx_menu` VALUES ('42', '保存模型授权', '27', '0', 'AuthManager/addToModel', '0', '\"分类授权\"页面的\"保存\"按钮', '', '0');
INSERT INTO `xcx_menu` VALUES ('43', '扩展', '0', '7', 'Addons/index', '1', '', '', '0');
INSERT INTO `xcx_menu` VALUES ('44', '插件管理', '43', '1', 'Addons/index', '0', '', '扩展', '0');
INSERT INTO `xcx_menu` VALUES ('45', '创建', '44', '0', 'Addons/create', '0', '服务器上创建插件结构向导', '', '0');
INSERT INTO `xcx_menu` VALUES ('46', '检测创建', '44', '0', 'Addons/checkForm', '0', '检测插件是否可以创建', '', '0');
INSERT INTO `xcx_menu` VALUES ('47', '预览', '44', '0', 'Addons/preview', '0', '预览插件定义类文件', '', '0');
INSERT INTO `xcx_menu` VALUES ('48', '快速生成插件', '44', '0', 'Addons/build', '0', '开始生成插件结构', '', '0');
INSERT INTO `xcx_menu` VALUES ('49', '设置', '44', '0', 'Addons/config', '0', '设置插件配置', '', '0');
INSERT INTO `xcx_menu` VALUES ('50', '禁用', '44', '0', 'Addons/disable', '0', '禁用插件', '', '0');
INSERT INTO `xcx_menu` VALUES ('51', '启用', '44', '0', 'Addons/enable', '0', '启用插件', '', '0');
INSERT INTO `xcx_menu` VALUES ('52', '安装', '44', '0', 'Addons/install', '0', '安装插件', '', '0');
INSERT INTO `xcx_menu` VALUES ('53', '卸载', '44', '0', 'Addons/uninstall', '0', '卸载插件', '', '0');
INSERT INTO `xcx_menu` VALUES ('54', '更新配置', '44', '0', 'Addons/saveconfig', '0', '更新插件配置处理', '', '0');
INSERT INTO `xcx_menu` VALUES ('55', '插件后台列表', '44', '0', 'Addons/adminList', '0', '', '', '0');
INSERT INTO `xcx_menu` VALUES ('56', 'URL方式访问插件', '44', '0', 'Addons/execute', '0', '控制是否有权限通过url访问插件控制器方法', '', '0');
INSERT INTO `xcx_menu` VALUES ('57', '钩子管理', '43', '2', 'Addons/hooks', '0', '', '扩展', '0');
INSERT INTO `xcx_menu` VALUES ('58', '模型管理', '68', '3', 'Model/index', '0', '', '系统设置', '0');
INSERT INTO `xcx_menu` VALUES ('59', '新增', '58', '0', 'model/add', '0', '', '', '0');
INSERT INTO `xcx_menu` VALUES ('60', '编辑', '58', '0', 'model/edit', '0', '', '', '0');
INSERT INTO `xcx_menu` VALUES ('61', '改变状态', '58', '0', 'model/setStatus', '0', '', '', '0');
INSERT INTO `xcx_menu` VALUES ('62', '保存数据', '58', '0', 'model/update', '0', '', '', '0');
INSERT INTO `xcx_menu` VALUES ('63', '属性管理', '68', '0', 'Attribute/index', '1', '网站属性配置。', '', '0');
INSERT INTO `xcx_menu` VALUES ('64', '新增', '63', '0', 'Attribute/add', '0', '', '', '0');
INSERT INTO `xcx_menu` VALUES ('65', '编辑', '63', '0', 'Attribute/edit', '0', '', '', '0');
INSERT INTO `xcx_menu` VALUES ('66', '改变状态', '63', '0', 'Attribute/setStatus', '0', '', '', '0');
INSERT INTO `xcx_menu` VALUES ('67', '保存数据', '63', '0', 'Attribute/update', '0', '', '', '0');
INSERT INTO `xcx_menu` VALUES ('68', '系统', '0', '4', 'Config/group', '1', '', '', '0');
INSERT INTO `xcx_menu` VALUES ('69', '网站设置', '68', '1', 'Config/group', '0', '', '系统设置', '0');
INSERT INTO `xcx_menu` VALUES ('70', '配置管理', '68', '4', 'Config/index', '0', '', '系统设置', '0');
INSERT INTO `xcx_menu` VALUES ('71', '编辑', '70', '0', 'Config/edit', '0', '新增编辑和保存配置', '', '0');
INSERT INTO `xcx_menu` VALUES ('72', '删除', '70', '0', 'Config/del', '0', '删除配置', '', '0');
INSERT INTO `xcx_menu` VALUES ('73', '新增', '70', '0', 'Config/add', '0', '新增配置', '', '0');
INSERT INTO `xcx_menu` VALUES ('74', '保存', '70', '0', 'Config/save', '0', '保存配置', '', '0');
INSERT INTO `xcx_menu` VALUES ('75', '菜单管理', '68', '5', 'Menu/index', '0', '', '系统设置', '0');
INSERT INTO `xcx_menu` VALUES ('76', '导航管理', '68', '6', 'Channel/index', '0', '', '系统设置', '0');
INSERT INTO `xcx_menu` VALUES ('77', '新增', '76', '0', 'Channel/add', '0', '', '', '0');
INSERT INTO `xcx_menu` VALUES ('78', '编辑', '76', '0', 'Channel/edit', '0', '', '', '0');
INSERT INTO `xcx_menu` VALUES ('79', '删除', '76', '0', 'Channel/del', '0', '', '', '0');
INSERT INTO `xcx_menu` VALUES ('80', '分类管理', '68', '2', 'Category/index', '0', '', '系统设置', '0');
INSERT INTO `xcx_menu` VALUES ('81', '编辑', '80', '0', 'Category/edit', '0', '编辑和保存栏目分类', '', '0');
INSERT INTO `xcx_menu` VALUES ('82', '新增', '80', '0', 'Category/add', '0', '新增栏目分类', '', '0');
INSERT INTO `xcx_menu` VALUES ('83', '删除', '80', '0', 'Category/remove', '0', '删除栏目分类', '', '0');
INSERT INTO `xcx_menu` VALUES ('84', '移动', '80', '0', 'Category/operate/type/move', '0', '移动栏目分类', '', '0');
INSERT INTO `xcx_menu` VALUES ('85', '合并', '80', '0', 'Category/operate/type/merge', '0', '合并栏目分类', '', '0');
INSERT INTO `xcx_menu` VALUES ('86', '备份数据库', '68', '0', 'Database/index?type=export', '0', '', '数据备份', '0');
INSERT INTO `xcx_menu` VALUES ('87', '备份', '86', '0', 'Database/export', '0', '备份数据库', '', '0');
INSERT INTO `xcx_menu` VALUES ('88', '优化表', '86', '0', 'Database/optimize', '0', '优化数据表', '', '0');
INSERT INTO `xcx_menu` VALUES ('89', '修复表', '86', '0', 'Database/repair', '0', '修复数据表', '', '0');
INSERT INTO `xcx_menu` VALUES ('90', '还原数据库', '68', '0', 'Database/index?type=import', '0', '', '数据备份', '0');
INSERT INTO `xcx_menu` VALUES ('91', '恢复', '90', '0', 'Database/import', '0', '数据库恢复', '', '0');
INSERT INTO `xcx_menu` VALUES ('92', '删除', '90', '0', 'Database/del', '0', '删除备份文件', '', '0');
INSERT INTO `xcx_menu` VALUES ('93', '其他', '0', '5', 'other', '1', '', '', '0');
INSERT INTO `xcx_menu` VALUES ('96', '新增', '75', '0', 'Menu/add', '0', '', '系统设置', '0');
INSERT INTO `xcx_menu` VALUES ('98', '编辑', '75', '0', 'Menu/edit', '0', '', '', '0');
INSERT INTO `xcx_menu` VALUES ('104', '下载管理', '102', '0', 'Think/lists?model=download', '0', '', '', '0');
INSERT INTO `xcx_menu` VALUES ('105', '配置管理', '102', '0', 'Think/lists?model=config', '0', '', '', '0');
INSERT INTO `xcx_menu` VALUES ('106', '行为日志', '16', '0', 'Action/actionlog', '1', '', '行为管理', '0');
INSERT INTO `xcx_menu` VALUES ('108', '修改密码', '16', '0', 'User/updatePassword', '1', '', '', '0');
INSERT INTO `xcx_menu` VALUES ('109', '修改昵称', '16', '0', 'User/updateNickname', '1', '', '', '0');
INSERT INTO `xcx_menu` VALUES ('110', '查看行为日志', '106', '0', 'action/edit', '1', '', '', '0');
INSERT INTO `xcx_menu` VALUES ('112', '新增数据', '58', '0', 'think/add', '1', '', '', '0');
INSERT INTO `xcx_menu` VALUES ('113', '编辑数据', '58', '0', 'think/edit', '1', '', '', '0');
INSERT INTO `xcx_menu` VALUES ('114', '导入', '75', '0', 'Menu/import', '0', '', '', '0');
INSERT INTO `xcx_menu` VALUES ('115', '生成', '58', '0', 'Model/generate', '0', '', '', '0');
INSERT INTO `xcx_menu` VALUES ('116', '新增钩子', '57', '0', 'Addons/addHook', '0', '', '', '0');
INSERT INTO `xcx_menu` VALUES ('117', '编辑钩子', '57', '0', 'Addons/edithook', '0', '', '', '0');
INSERT INTO `xcx_menu` VALUES ('118', '文档排序', '3', '0', 'Article/sort', '1', '', '', '0');
INSERT INTO `xcx_menu` VALUES ('119', '排序', '70', '0', 'Config/sort', '1', '', '', '0');
INSERT INTO `xcx_menu` VALUES ('120', '排序', '75', '0', 'Menu/sort', '1', '', '', '0');
INSERT INTO `xcx_menu` VALUES ('121', '排序', '76', '0', 'Channel/sort', '1', '', '', '0');
INSERT INTO `xcx_menu` VALUES ('122', '设备', '0', '1', 'Device/index', '0', '', '', '0');
INSERT INTO `xcx_menu` VALUES ('123', '设备管理', '122', '0', 'Device/index', '0', '', '设备管理', '0');
INSERT INTO `xcx_menu` VALUES ('124', '设备地图', '122', '0', 'Device/map', '0', '', '设备管理', '0');
INSERT INTO `xcx_menu` VALUES ('125', '背景图', '0', '5', 'Background/index', '0', '', '', '0');
INSERT INTO `xcx_menu` VALUES ('126', '背景图', '125', '0', 'Background/index', '0', '', '背景图管理', '0');
INSERT INTO `xcx_menu` VALUES ('127', '模式时间', '122', '0', 'Device/scene', '0', '', '设备管理', '0');
INSERT INTO `xcx_menu` VALUES ('128', '管理员', '16', '0', 'User/index', '0', '', '用户管理', '0');
INSERT INTO `xcx_menu` VALUES ('129', '设备删除', '122', '0', 'Device/delDevice', '1', '', '设备管理', '0');
INSERT INTO `xcx_menu` VALUES ('130', '模式保存', '122', '0', 'Device/saveSet', '1', '', '设备管理', '0');
INSERT INTO `xcx_menu` VALUES ('131', '删除用户', '16', '0', 'User/changeStatus', '1', '', '用户管理', '0');
INSERT INTO `xcx_menu` VALUES ('132', '文件上传', '125', '0', 'Background/upload', '1', '', '背景图管理', '0');
INSERT INTO `xcx_menu` VALUES ('133', '背景图删除', '125', '0', 'Background/delete', '1', '', '背景图管理', '0');
INSERT INTO `xcx_menu` VALUES ('134', '设定背景图', '125', '0', 'Background/setBg', '1', '', '背景图管理', '0');

-- ----------------------------
-- Table structure for xcx_model
-- ----------------------------
DROP TABLE IF EXISTS `xcx_model`;
CREATE TABLE `xcx_model` (
  `id` int(10) unsigned NOT NULL AUTO_INCREMENT COMMENT '模型ID',
  `name` char(30) NOT NULL DEFAULT '' COMMENT '模型标识',
  `title` char(30) NOT NULL DEFAULT '' COMMENT '模型名称',
  `extend` int(10) unsigned NOT NULL DEFAULT '0' COMMENT '继承的模型',
  `relation` varchar(30) NOT NULL DEFAULT '' COMMENT '继承与被继承模型的关联字段',
  `need_pk` tinyint(1) unsigned NOT NULL DEFAULT '1' COMMENT '新建表时是否需要主键字段',
  `field_sort` text NOT NULL COMMENT '表单字段排序',
  `field_group` varchar(255) NOT NULL DEFAULT '1:基础' COMMENT '字段分组',
  `attribute_list` text NOT NULL COMMENT '属性列表（表的字段）',
  `template_list` varchar(100) NOT NULL DEFAULT '' COMMENT '列表模板',
  `template_add` varchar(100) NOT NULL DEFAULT '' COMMENT '新增模板',
  `template_edit` varchar(100) NOT NULL DEFAULT '' COMMENT '编辑模板',
  `list_grid` text NOT NULL COMMENT '列表定义',
  `list_row` smallint(2) unsigned NOT NULL DEFAULT '10' COMMENT '列表数据长度',
  `search_key` varchar(50) NOT NULL DEFAULT '' COMMENT '默认搜索字段',
  `search_list` varchar(255) NOT NULL DEFAULT '' COMMENT '高级搜索的字段',
  `create_time` int(10) unsigned NOT NULL DEFAULT '0' COMMENT '创建时间',
  `update_time` int(10) unsigned NOT NULL DEFAULT '0' COMMENT '更新时间',
  `status` tinyint(3) unsigned NOT NULL DEFAULT '0' COMMENT '状态',
  `engine_type` varchar(25) NOT NULL DEFAULT 'MyISAM' COMMENT '数据库引擎',
  PRIMARY KEY (`id`)
) ENGINE=MyISAM AUTO_INCREMENT=4 DEFAULT CHARSET=utf8 COMMENT='文档模型表';

-- ----------------------------
-- Records of xcx_model
-- ----------------------------
INSERT INTO `xcx_model` VALUES ('1', 'document', '基础文档', '0', '', '1', '{\"1\":[\"1\",\"2\",\"3\",\"4\",\"5\",\"6\",\"7\",\"8\",\"9\",\"10\",\"11\",\"12\",\"13\",\"14\",\"15\",\"16\",\"17\",\"18\",\"19\",\"20\",\"21\",\"22\"]}', '1:基础', '', '', '', '', 'id:编号\r\ntitle:标题:article/index?cate_id=[category_id]&pid=[id]\r\ntype|get_document_type:类型\r\nlevel:优先级\r\nupdate_time|time_format:最后更新\r\nstatus_text:状态\r\nview:浏览\r\nid:操作:[EDIT]&cate_id=[category_id]|编辑,article/setstatus?status=-1&ids=[id]|删除', '0', '', '', '1383891233', '1384507827', '1', 'MyISAM');
INSERT INTO `xcx_model` VALUES ('2', 'article', '文章', '1', '', '1', '{\"1\":[\"3\",\"24\",\"2\",\"5\"],\"2\":[\"9\",\"13\",\"19\",\"10\",\"12\",\"16\",\"17\",\"26\",\"20\",\"14\",\"11\",\"25\"]}', '1:基础,2:扩展', '', '', '', '', 'id:编号\r\ntitle:标题:article/edit?cate_id=[category_id]&id=[id]\r\ncontent:内容', '0', '', '', '1383891243', '1387260622', '1', 'MyISAM');
INSERT INTO `xcx_model` VALUES ('3', 'download', '下载', '1', '', '1', '{\"1\":[\"3\",\"28\",\"30\",\"32\",\"2\",\"5\",\"31\"],\"2\":[\"13\",\"10\",\"27\",\"9\",\"12\",\"16\",\"17\",\"19\",\"11\",\"20\",\"14\",\"29\"]}', '1:基础,2:扩展', '', '', '', '', 'id:编号\r\ntitle:标题', '0', '', '', '1383891252', '1387260449', '1', 'MyISAM');

-- ----------------------------
-- Table structure for xcx_picture
-- ----------------------------
DROP TABLE IF EXISTS `xcx_picture`;
CREATE TABLE `xcx_picture` (
  `id` int(10) unsigned NOT NULL AUTO_INCREMENT COMMENT '主键id自增',
  `path` varchar(255) NOT NULL DEFAULT '' COMMENT '路径',
  `url` varchar(255) NOT NULL DEFAULT '' COMMENT '图片链接',
  `md5` char(32) NOT NULL DEFAULT '' COMMENT '文件md5',
  `sha1` char(40) NOT NULL DEFAULT '' COMMENT '文件 sha1编码',
  `status` tinyint(2) NOT NULL DEFAULT '0' COMMENT '状态',
  `create_time` int(10) unsigned NOT NULL DEFAULT '0' COMMENT '创建时间',
  PRIMARY KEY (`id`)
) ENGINE=MyISAM DEFAULT CHARSET=utf8;

-- ----------------------------
-- Records of xcx_picture
-- ----------------------------

-- ----------------------------
-- Table structure for xcx_set
-- ----------------------------
DROP TABLE IF EXISTS `xcx_set`;
CREATE TABLE `xcx_set` (
  `set_id` int(11) unsigned NOT NULL AUTO_INCREMENT,
  `device_id` varchar(255) NOT NULL DEFAULT '' COMMENT '设备ID号',
  `create_time` varchar(11) NOT NULL DEFAULT '' COMMENT '初次配置时间',
  `w_1` varchar(500) NOT NULL DEFAULT '',
  `w_2` varchar(500) NOT NULL DEFAULT '',
  `w_3` varchar(500) NOT NULL DEFAULT '',
  `w_4` varchar(500) NOT NULL DEFAULT '',
  `w_5` varchar(500) NOT NULL DEFAULT '',
  `w_6` varchar(500) NOT NULL DEFAULT '',
  `w_7` varchar(500) NOT NULL DEFAULT '',
  `scene` tinyint(1) unsigned NOT NULL DEFAULT '1' COMMENT '场景值：1：家庭；2：办公室；3：公共场所；4：自定义',
  `update_time` varchar(11) NOT NULL DEFAULT '' COMMENT '上次更新时间',
  `isupload` tinyint(1) NOT NULL DEFAULT '0' COMMENT '是否上传设置 0:无；1：有',
  PRIMARY KEY (`set_id`)
) ENGINE=MyISAM AUTO_INCREMENT=36 DEFAULT CHARSET=utf8;

-- ----------------------------
-- Records of xcx_set
-- ----------------------------
INSERT INTO `xcx_set` VALUES ('1', '0', '0', '{\"a\":{\"group_1\":{\"on_time\":\"06:06\",\"off_time\":\"06:07\"},\"group_2\":{\"on_time\":\"14:00\",\"off_time\":\"17:00\"},\"group_3\":{\"on_time\":\"18:30\",\"off_time\":\"20:30\"}},\"b\":{\"group_1\":{\"on_time\":\"12:00\",\"off_time\":\"12:03\"},\"group_2\":{\"on_time\":\"\",\"off_time\":\"\"},\"group_3\":{\"on_time\":\"\",\"off_time\":\"\"}},\"c\":{\"group_1\":{\"on_time\":\"06:00\",\"off_time\":\"08:00\"},\"group_2\":{\"on_time\":\"15:00\",\"off_time\":\"17:00\"},\"group_3\":{\"on_time\":\"19:30\",\"off_time\":\"20:30\"}}}', '{\"a\":{\"group_1\":{\"on_time\":\"06:00\",\"off_time\":\"10:00\"},\"group_2\":{\"on_time\":\"14:00\",\"off_time\":\"17:00\"},\"group_3\":{\"on_time\":\"18:30\",\"off_time\":\"20:30\"}},\"b\":{\"group_1\":{\"on_time\":\"12:00\",\"off_time\":\"12:03\"},\"group_2\":{\"on_time\":\"\",\"off_time\":\"\"},\"group_3\":{\"on_time\":\"\",\"off_time\":\"\"}},\"c\":{\"group_1\":{\"on_time\":\"06:00\",\"off_time\":\"08:00\"},\"group_2\":{\"on_time\":\"15:00\",\"off_time\":\"17:00\"},\"group_3\":{\"on_time\":\"19:30\",\"off_time\":\"20:30\"}}}', '{\"a\":{\"group_1\":{\"on_time\":\"06:00\",\"off_time\":\"10:00\"},\"group_2\":{\"on_time\":\"14:00\",\"off_time\":\"17:00\"},\"group_3\":{\"on_time\":\"18:30\",\"off_time\":\"20:30\"}},\"b\":{\"group_1\":{\"on_time\":\"12:00\",\"off_time\":\"12:03\"},\"group_2\":{\"on_time\":\"\",\"off_time\":\"\"},\"group_3\":{\"on_time\":\"\",\"off_time\":\"\"}},\"c\":{\"group_1\":{\"on_time\":\"06:00\",\"off_time\":\"08:00\"},\"group_2\":{\"on_time\":\"15:00\",\"off_time\":\"17:00\"},\"group_3\":{\"on_time\":\"19:30\",\"off_time\":\"20:30\"}}}', '{\"a\":{\"group_1\":{\"on_time\":\"06:00\",\"off_time\":\"10:00\"},\"group_2\":{\"on_time\":\"14:00\",\"off_time\":\"17:00\"},\"group_3\":{\"on_time\":\"18:30\",\"off_time\":\"20:30\"}},\"b\":{\"group_1\":{\"on_time\":\"12:00\",\"off_time\":\"12:03\"},\"group_2\":{\"on_time\":\"\",\"off_time\":\"\"},\"group_3\":{\"on_time\":\"\",\"off_time\":\"\"}},\"c\":{\"group_1\":{\"on_time\":\"06:00\",\"off_time\":\"08:00\"},\"group_2\":{\"on_time\":\"15:00\",\"off_time\":\"17:00\"},\"group_3\":{\"on_time\":\"19:30\",\"off_time\":\"20:30\"}}}', '{\"a\":{\"group_1\":{\"on_time\":\"06:00\",\"off_time\":\"10:00\"},\"group_2\":{\"on_time\":\"14:00\",\"off_time\":\"17:00\"},\"group_3\":{\"on_time\":\"18:30\",\"off_time\":\"20:30\"}},\"b\":{\"group_1\":{\"on_time\":\"12:00\",\"off_time\":\"12:03\"},\"group_2\":{\"on_time\":\"\",\"off_time\":\"\"},\"group_3\":{\"on_time\":\"\",\"off_time\":\"\"}},\"c\":{\"group_1\":{\"on_time\":\"06:00\",\"off_time\":\"08:00\"},\"group_2\":{\"on_time\":\"15:00\",\"off_time\":\"17:00\"},\"group_3\":{\"on_time\":\"19:30\",\"off_time\":\"20:30\"}}}', '{\"a\":{\"group_1\":{\"on_time\":\"06:00\",\"off_time\":\"10:00\"},\"group_2\":{\"on_time\":\"14:00\",\"off_time\":\"17:00\"},\"group_3\":{\"on_time\":\"18:30\",\"off_time\":\"20:30\"}},\"b\":{\"group_1\":{\"on_time\":\"12:00\",\"off_time\":\"12:03\"},\"group_2\":{\"on_time\":\"\",\"off_time\":\"\"},\"group_3\":{\"on_time\":\"\",\"off_time\":\"\"}},\"c\":{\"group_1\":{\"on_time\":\"06:00\",\"off_time\":\"08:00\"},\"group_2\":{\"on_time\":\"15:00\",\"off_time\":\"17:00\"},\"group_3\":{\"on_time\":\"19:30\",\"off_time\":\"20:30\"}}}', '{\"a\":{\"group_1\":{\"on_time\":\"06:00\",\"off_time\":\"10:00\"},\"group_2\":{\"on_time\":\"14:00\",\"off_time\":\"17:00\"},\"group_3\":{\"on_time\":\"18:30\",\"off_time\":\"20:30\"}},\"b\":{\"group_1\":{\"on_time\":\"12:00\",\"off_time\":\"12:03\"},\"group_2\":{\"on_time\":\"\",\"off_time\":\"\"},\"group_3\":{\"on_time\":\"\",\"off_time\":\"\"}},\"c\":{\"group_1\":{\"on_time\":\"06:00\",\"off_time\":\"08:00\"},\"group_2\":{\"on_time\":\"15:00\",\"off_time\":\"17:00\"},\"group_3\":{\"on_time\":\"19:30\",\"off_time\":\"20:30\"}}}', '1', '0', '0');
INSERT INTO `xcx_set` VALUES ('27', 'DC4F22C2F34B', '1524207102', '{\"a\":{\"group_1\":{\"on_time\":\"09:00\",\"off_time\":\"11:00\"},\"group_2\":{\"on_time\":\"14:30\",\"off_time\":\"16:30\"},\"group_3\":{\"on_time\":\"18:30\",\"off_time\":\"20:30\"}},\"b\":{\"group_1\":{\"on_time\":\"12:00\",\"off_time\":\"12:03\"},\"group_2\":{\"on_time\":\"\",\"off_time\":\"\"},\"group_3\":{\"on_time\":\"\",\"off_time\":\"\"}},\"c\":{\"group_1\":{\"on_time\":\"08:00\",\"off_time\":\"12:00\"},\"group_2\":{\"on_time\":\"13:30\",\"off_time\":\"17:30\"},\"group_3\":{\"on_time\":\"18:30\",\"off_time\":\"23:30\"}}}', '{\"a\":{\"group_1\":{\"on_time\":\"08:00\",\"off_time\":\"12:00\"},\"group_2\":{\"on_time\":\"13:30\",\"off_time\":\"17:30\"},\"group_3\":{\"on_time\":\"18:30\",\"off_time\":\"20:30\"}},\"b\":{\"group_1\":{\"on_time\":\"12:00\",\"off_time\":\"12:03\"},\"group_2\":{\"on_time\":\"\",\"off_time\":\"\"},\"group_3\":{\"on_time\":\"\",\"off_time\":\"\"}},\"c\":{\"group_1\":{\"on_time\":\"08:00\",\"off_time\":\"12:00\"},\"group_2\":{\"on_time\":\"13:30\",\"off_time\":\"17:30\"},\"group_3\":{\"on_time\":\"18:30\",\"off_time\":\"23:30\"}}}', '{\"a\":{\"group_1\":{\"on_time\":\"09:00\",\"off_time\":\"11:00\"},\"group_2\":{\"on_time\":\"14:30\",\"off_time\":\"16:30\"},\"group_3\":{\"on_time\":\"18:30\",\"off_time\":\"20:30\"}},\"b\":{\"group_1\":{\"on_time\":\"12:00\",\"off_time\":\"12:03\"},\"group_2\":{\"on_time\":\"\",\"off_time\":\"\"},\"group_3\":{\"on_time\":\"\",\"off_time\":\"\"}},\"c\":{\"group_1\":{\"on_time\":\"08:00\",\"off_time\":\"12:00\"},\"group_2\":{\"on_time\":\"13:30\",\"off_time\":\"17:30\"},\"group_3\":{\"on_time\":\"18:30\",\"off_time\":\"23:30\"}}}', '{\"a\":{\"group_1\":{\"on_time\":\"09:00\",\"off_time\":\"11:00\"},\"group_2\":{\"on_time\":\"14:30\",\"off_time\":\"16:30\"},\"group_3\":{\"on_time\":\"18:30\",\"off_time\":\"20:30\"}},\"b\":{\"group_1\":{\"on_time\":\"12:00\",\"off_time\":\"12:03\"},\"group_2\":{\"on_time\":\"\",\"off_time\":\"\"},\"group_3\":{\"on_time\":\"\",\"off_time\":\"\"}},\"c\":{\"group_1\":{\"on_time\":\"08:00\",\"off_time\":\"12:00\"},\"group_2\":{\"on_time\":\"13:30\",\"off_time\":\"17:30\"},\"group_3\":{\"on_time\":\"18:30\",\"off_time\":\"23:30\"}}}', '{\"a\":{\"group_1\":{\"on_time\":\"09:00\",\"off_time\":\"11:00\"},\"group_2\":{\"on_time\":\"14:30\",\"off_time\":\"16:30\"},\"group_3\":{\"on_time\":\"18:30\",\"off_time\":\"20:30\"}},\"b\":{\"group_1\":{\"on_time\":\"12:00\",\"off_time\":\"12:03\"},\"group_2\":{\"on_time\":\"\",\"off_time\":\"\"},\"group_3\":{\"on_time\":\"\",\"off_time\":\"\"}},\"c\":{\"group_1\":{\"on_time\":\"08:00\",\"off_time\":\"12:00\"},\"group_2\":{\"on_time\":\"13:30\",\"off_time\":\"17:30\"},\"group_3\":{\"on_time\":\"18:30\",\"off_time\":\"23:30\"}}}', '{\"a\":{\"group_1\":{\"on_time\":\"09:00\",\"off_time\":\"11:00\"},\"group_2\":{\"on_time\":\"14:30\",\"off_time\":\"16:30\"},\"group_3\":{\"on_time\":\"18:30\",\"off_time\":\"20:30\"}},\"b\":{\"group_1\":{\"on_time\":\"12:00\",\"off_time\":\"12:03\"},\"group_2\":{\"on_time\":\"\",\"off_time\":\"\"},\"group_3\":{\"on_time\":\"\",\"off_time\":\"\"}},\"c\":{\"group_1\":{\"on_time\":\"08:00\",\"off_time\":\"12:00\"},\"group_2\":{\"on_time\":\"13:30\",\"off_time\":\"17:30\"},\"group_3\":{\"on_time\":\"18:30\",\"off_time\":\"23:30\"}}}', '{\"a\":{\"group_1\":{\"on_time\":\"09:00\",\"off_time\":\"11:00\"},\"group_2\":{\"on_time\":\"14:30\",\"off_time\":\"16:30\"},\"group_3\":{\"on_time\":\"18:30\",\"off_time\":\"20:30\"}},\"b\":{\"group_1\":{\"on_time\":\"12:00\",\"off_time\":\"12:03\"},\"group_2\":{\"on_time\":\"\",\"off_time\":\"\"},\"group_3\":{\"on_time\":\"\",\"off_time\":\"\"}},\"c\":{\"group_1\":{\"on_time\":\"08:00\",\"off_time\":\"12:00\"},\"group_2\":{\"on_time\":\"13:30\",\"off_time\":\"17:30\"},\"group_3\":{\"on_time\":\"18:30\",\"off_time\":\"23:30\"}}}', '4', '1530578031', '0');
INSERT INTO `xcx_set` VALUES ('28', 'DC4F22C2F3EB', '1524446091', '{\"a\":{\"group_1\":{\"on_time\":\"06:00\",\"off_time\":\"10:00\"},\"group_2\":{\"on_time\":\"13:00\",\"off_time\":\"16:00\"},\"group_3\":{\"on_time\":\"18:30\",\"off_time\":\"20:30\"}},\"b\":{\"group_1\":{\"on_time\":\"12:00\",\"off_time\":\"12:03\"},\"group_2\":{\"on_time\":\"\",\"off_time\":\"\"},\"group_3\":{\"on_time\":\"\",\"off_time\":\"\"}},\"c\":{\"group_1\":{\"on_time\":\"06:00\",\"off_time\":\"10:01\"},\"group_2\":{\"on_time\":\"15:00\",\"off_time\":\"17:00\"},\"group_3\":{\"on_time\":\"19:30\",\"off_time\":\"20:30\"}}}', '{\"a\":{\"group_1\":{\"on_time\":\"06:00\",\"off_time\":\"10:00\"},\"group_2\":{\"on_time\":\"14:00\",\"off_time\":\"17:00\"},\"group_3\":{\"on_time\":\"18:30\",\"off_time\":\"20:30\"}},\"b\":{\"group_1\":{\"on_time\":\"12:00\",\"off_time\":\"12:03\"},\"group_2\":{\"on_time\":\"\",\"off_time\":\"\"},\"group_3\":{\"on_time\":\"\",\"off_time\":\"\"}},\"c\":{\"group_1\":{\"on_time\":\"06:00\",\"off_time\":\"10:00\"},\"group_2\":{\"on_time\":\"15:00\",\"off_time\":\"17:00\"},\"group_3\":{\"on_time\":\"19:30\",\"off_time\":\"20:30\"}}}', '{\"a\":{\"group_1\":{\"on_time\":\"06:00\",\"off_time\":\"10:00\"},\"group_2\":{\"on_time\":\"14:00\",\"off_time\":\"17:00\"},\"group_3\":{\"on_time\":\"18:30\",\"off_time\":\"20:30\"}},\"b\":{\"group_1\":{\"on_time\":\"12:00\",\"off_time\":\"12:03\"},\"group_2\":{\"on_time\":\"\",\"off_time\":\"\"},\"group_3\":{\"on_time\":\"\",\"off_time\":\"\"}},\"c\":{\"group_1\":{\"on_time\":\"06:00\",\"off_time\":\"08:00\"},\"group_2\":{\"on_time\":\"15:00\",\"off_time\":\"17:00\"},\"group_3\":{\"on_time\":\"19:30\",\"off_time\":\"20:30\"}}}', '{\"a\":{\"group_1\":{\"on_time\":\"06:00\",\"off_time\":\"10:00\"},\"group_2\":{\"on_time\":\"14:00\",\"off_time\":\"17:00\"},\"group_3\":{\"on_time\":\"18:30\",\"off_time\":\"20:30\"}},\"b\":{\"group_1\":{\"on_time\":\"12:00\",\"off_time\":\"12:03\"},\"group_2\":{\"on_time\":\"\",\"off_time\":\"\"},\"group_3\":{\"on_time\":\"\",\"off_time\":\"\"}},\"c\":{\"group_1\":{\"on_time\":\"06:00\",\"off_time\":\"08:00\"},\"group_2\":{\"on_time\":\"15:00\",\"off_time\":\"17:00\"},\"group_3\":{\"on_time\":\"19:30\",\"off_time\":\"20:30\"}}}', '{\"a\":{\"group_1\":{\"on_time\":\"06:00\",\"off_time\":\"10:00\"},\"group_2\":{\"on_time\":\"14:00\",\"off_time\":\"17:00\"},\"group_3\":{\"on_time\":\"18:30\",\"off_time\":\"20:30\"}},\"b\":{\"group_1\":{\"on_time\":\"12:00\",\"off_time\":\"12:03\"},\"group_2\":{\"on_time\":\"\",\"off_time\":\"\"},\"group_3\":{\"on_time\":\"\",\"off_time\":\"\"}},\"c\":{\"group_1\":{\"on_time\":\"06:00\",\"off_time\":\"08:00\"},\"group_2\":{\"on_time\":\"15:00\",\"off_time\":\"17:00\"},\"group_3\":{\"on_time\":\"19:30\",\"off_time\":\"20:30\"}}}', '{\"a\":{\"group_1\":{\"on_time\":\"06:00\",\"off_time\":\"10:00\"},\"group_2\":{\"on_time\":\"14:00\",\"off_time\":\"17:00\"},\"group_3\":{\"on_time\":\"18:30\",\"off_time\":\"20:30\"}},\"b\":{\"group_1\":{\"on_time\":\"12:00\",\"off_time\":\"12:03\"},\"group_2\":{\"on_time\":\"\",\"off_time\":\"\"},\"group_3\":{\"on_time\":\"\",\"off_time\":\"\"}},\"c\":{\"group_1\":{\"on_time\":\"06:00\",\"off_time\":\"08:00\"},\"group_2\":{\"on_time\":\"15:00\",\"off_time\":\"17:00\"},\"group_3\":{\"on_time\":\"19:30\",\"off_time\":\"20:30\"}}}', '{\"a\":{\"group_1\":{\"on_time\":\"06:00\",\"off_time\":\"10:00\"},\"group_2\":{\"on_time\":\"14:00\",\"off_time\":\"17:00\"},\"group_3\":{\"on_time\":\"18:30\",\"off_time\":\"20:30\"}},\"b\":{\"group_1\":{\"on_time\":\"12:00\",\"off_time\":\"12:03\"},\"group_2\":{\"on_time\":\"\",\"off_time\":\"\"},\"group_3\":{\"on_time\":\"\",\"off_time\":\"\"}},\"c\":{\"group_1\":{\"on_time\":\"06:00\",\"off_time\":\"08:00\"},\"group_2\":{\"on_time\":\"15:00\",\"off_time\":\"17:00\"},\"group_3\":{\"on_time\":\"19:30\",\"off_time\":\"20:30\"}}}', '4', '1524550394', '1');
INSERT INTO `xcx_set` VALUES ('26', 'DC4F22C2F3EC', '1524118947', '{\"a\":{\"group_1\":{\"on_time\":\"06:00\",\"off_time\":\"10:00\"},\"group_2\":{\"on_time\":\"14:00\",\"off_time\":\"17:00\"},\"group_3\":{\"on_time\":\"18:30\",\"off_time\":\"20:30\"}},\"b\":{\"group_1\":{\"on_time\":\"12:00\",\"off_time\":\"12:03\"},\"group_2\":{\"on_time\":\"\",\"off_time\":\"\"},\"group_3\":{\"on_time\":\"\",\"off_time\":\"\"}},\"c\":{\"group_1\":{\"on_time\":\"06:00\",\"off_time\":\"08:00\"},\"group_2\":{\"on_time\":\"15:00\",\"off_time\":\"17:00\"},\"group_3\":{\"on_time\":\"19:30\",\"off_time\":\"20:30\"}}}', '{\"a\":{\"group_1\":{\"on_time\":\"07:00\",\"off_time\":\"07:00\"},\"group_2\":{\"on_time\":\"14:00\",\"off_time\":\"17:00\"},\"group_3\":{\"on_time\":\"18:30\",\"off_time\":\"20:30\"}},\"b\":{\"group_1\":{\"on_time\":\"12:00\",\"off_time\":\"12:03\"},\"group_2\":{\"on_time\":\"\",\"off_time\":\"\"},\"group_3\":{\"on_time\":\"\",\"off_time\":\"\"}},\"c\":{\"group_1\":{\"on_time\":\"06:00\",\"off_time\":\"08:02\"},\"group_2\":{\"on_time\":\"15:00\",\"off_time\":\"17:00\"},\"group_3\":{\"on_time\":\"19:30\",\"off_time\":\"20:30\"}}}', '{\"a\":{\"group_1\":{\"on_time\":\"08:00\",\"off_time\":\"10:59\"},\"group_2\":{\"on_time\":\"13:04\",\"off_time\":\"13:04\"},\"group_3\":{\"on_time\":\"18:30\",\"off_time\":\"20:30\"}},\"b\":{\"group_1\":{\"on_time\":\"12:00\",\"off_time\":\"12:03\"},\"group_2\":{\"on_time\":\"\",\"off_time\":\"\"},\"group_3\":{\"on_time\":\"\",\"off_time\":\"\"}},\"c\":{\"group_1\":{\"on_time\":\"06:00\",\"off_time\":\"11:01\"},\"group_2\":{\"on_time\":\"15:00\",\"off_time\":\"17:00\"},\"group_3\":{\"on_time\":\"19:30\",\"off_time\":\"20:06\"}}}', '{\"a\":{\"group_1\":{\"on_time\":\"06:00\",\"off_time\":\"10:00\"},\"group_2\":{\"on_time\":\"14:00\",\"off_time\":\"18:01\"},\"group_3\":{\"on_time\":\"18:30\",\"off_time\":\"20:30\"}},\"b\":{\"group_1\":{\"on_time\":\"12:00\",\"off_time\":\"12:03\"},\"group_2\":{\"on_time\":\"\",\"off_time\":\"\"},\"group_3\":{\"on_time\":\"\",\"off_time\":\"\"}},\"c\":{\"group_1\":{\"on_time\":\"06:00\",\"off_time\":\"08:00\"},\"group_2\":{\"on_time\":\"15:00\",\"off_time\":\"16:00\"},\"group_3\":{\"on_time\":\"19:30\",\"off_time\":\"20:30\"}}}', '{\"a\":{\"group_1\":{\"on_time\":\"06:00\",\"off_time\":\"10:00\"},\"group_2\":{\"on_time\":\"14:00\",\"off_time\":\"17:00\"},\"group_3\":{\"on_time\":\"18:30\",\"off_time\":\"20:30\"}},\"b\":{\"group_1\":{\"on_time\":\"12:00\",\"off_time\":\"12:03\"},\"group_2\":{\"on_time\":\"\",\"off_time\":\"\"},\"group_3\":{\"on_time\":\"\",\"off_time\":\"\"}},\"c\":{\"group_1\":{\"on_time\":\"06:00\",\"off_time\":\"08:00\"},\"group_2\":{\"on_time\":\"14:00\",\"off_time\":\"17:00\"},\"group_3\":{\"on_time\":\"19:30\",\"off_time\":\"20:30\"}}}', '{\"a\":{\"group_1\":{\"on_time\":\"06:00\",\"off_time\":\"10:00\"},\"group_2\":{\"on_time\":\"14:00\",\"off_time\":\"17:00\"},\"group_3\":{\"on_time\":\"18:30\",\"off_time\":\"20:30\"}},\"b\":{\"group_1\":{\"on_time\":\"12:00\",\"off_time\":\"12:03\"},\"group_2\":{\"on_time\":\"\",\"off_time\":\"\"},\"group_3\":{\"on_time\":\"\",\"off_time\":\"\"}},\"c\":{\"group_1\":{\"on_time\":\"06:00\",\"off_time\":\"08:00\"},\"group_2\":{\"on_time\":\"14:00\",\"off_time\":\"17:00\"},\"group_3\":{\"on_time\":\"19:30\",\"off_time\":\"20:30\"}}}', '{\"a\":{\"group_1\":{\"on_time\":\"06:00\",\"off_time\":\"10:00\"},\"group_2\":{\"on_time\":\"14:00\",\"off_time\":\"17:00\"},\"group_3\":{\"on_time\":\"18:30\",\"off_time\":\"20:30\"}},\"b\":{\"group_1\":{\"on_time\":\"12:00\",\"off_time\":\"12:03\"},\"group_2\":{\"on_time\":\"\",\"off_time\":\"\"},\"group_3\":{\"on_time\":\"\",\"off_time\":\"\"}},\"c\":{\"group_1\":{\"on_time\":\"09:00\",\"off_time\":\"09:02\"},\"group_2\":{\"on_time\":\"15:00\",\"off_time\":\"17:00\"},\"group_3\":{\"on_time\":\"19:30\",\"off_time\":\"20:30\"}}}', '4', '1526758067', '0');
INSERT INTO `xcx_set` VALUES ('29', '600194A2A958', '1524656759', '{\"a\":{\"group_1\":{\"on_time\":\"09:00\",\"off_time\":\"13:00\"},\"group_2\":{\"on_time\":\"14:00\",\"off_time\":\"18:58\"},\"group_3\":{\"on_time\":\"19:30\",\"off_time\":\"21:30\"}},\"b\":{\"group_1\":{\"on_time\":\"12:00\",\"off_time\":\"12:00\"},\"group_2\":{\"on_time\":\"\",\"off_time\":\"\"},\"group_3\":{\"on_time\":\"\",\"off_time\":\"\"}},\"c\":{\"group_1\":{\"on_time\":\"09:00\",\"off_time\":\"13:00\"},\"group_2\":{\"on_time\":\"14:00\",\"off_time\":\"19:00\"},\"group_3\":{\"on_time\":\"19:30\",\"off_time\":\"21:30\"}}}', '{\"a\":{\"group_1\":{\"on_time\":\"09:00\",\"off_time\":\"13:00\"},\"group_2\":{\"on_time\":\"14:00\",\"off_time\":\"19:00\"},\"group_3\":{\"on_time\":\"19:30\",\"off_time\":\"21:30\"}},\"b\":{\"group_1\":{\"on_time\":\"12:00\",\"off_time\":\"12:00\"},\"group_2\":{\"on_time\":\"\",\"off_time\":\"\"},\"group_3\":{\"on_time\":\"\",\"off_time\":\"\"}},\"c\":{\"group_1\":{\"on_time\":\"09:00\",\"off_time\":\"13:00\"},\"group_2\":{\"on_time\":\"14:00\",\"off_time\":\"19:00\"},\"group_3\":{\"on_time\":\"19:30\",\"off_time\":\"21:30\"}}}', '{\"a\":{\"group_1\":{\"on_time\":\"09:00\",\"off_time\":\"13:00\"},\"group_2\":{\"on_time\":\"14:00\",\"off_time\":\"19:00\"},\"group_3\":{\"on_time\":\"19:30\",\"off_time\":\"21:30\"}},\"b\":{\"group_1\":{\"on_time\":\"12:00\",\"off_time\":\"12:00\"},\"group_2\":{\"on_time\":\"\",\"off_time\":\"\"},\"group_3\":{\"on_time\":\"\",\"off_time\":\"\"}},\"c\":{\"group_1\":{\"on_time\":\"09:00\",\"off_time\":\"13:00\"},\"group_2\":{\"on_time\":\"14:00\",\"off_time\":\"19:00\"},\"group_3\":{\"on_time\":\"19:30\",\"off_time\":\"21:30\"}}}', '{\"a\":{\"group_1\":{\"on_time\":\"09:00\",\"off_time\":\"13:00\"},\"group_2\":{\"on_time\":\"14:00\",\"off_time\":\"18:59\"},\"group_3\":{\"on_time\":\"19:30\",\"off_time\":\"21:30\"}},\"b\":{\"group_1\":{\"on_time\":\"12:00\",\"off_time\":\"12:00\"},\"group_2\":{\"on_time\":\"\",\"off_time\":\"\"},\"group_3\":{\"on_time\":\"\",\"off_time\":\"\"}},\"c\":{\"group_1\":{\"on_time\":\"09:00\",\"off_time\":\"13:00\"},\"group_2\":{\"on_time\":\"14:00\",\"off_time\":\"19:00\"},\"group_3\":{\"on_time\":\"19:30\",\"off_time\":\"21:30\"}}}', '{\"a\":{\"group_1\":{\"on_time\":\"09:00\",\"off_time\":\"13:00\"},\"group_2\":{\"on_time\":\"14:00\",\"off_time\":\"19:00\"},\"group_3\":{\"on_time\":\"19:30\",\"off_time\":\"21:30\"}},\"b\":{\"group_1\":{\"on_time\":\"12:00\",\"off_time\":\"12:00\"},\"group_2\":{\"on_time\":\"\",\"off_time\":\"\"},\"group_3\":{\"on_time\":\"\",\"off_time\":\"\"}},\"c\":{\"group_1\":{\"on_time\":\"09:00\",\"off_time\":\"13:00\"},\"group_2\":{\"on_time\":\"14:00\",\"off_time\":\"19:00\"},\"group_3\":{\"on_time\":\"19:30\",\"off_time\":\"21:30\"}}}', '{\"a\":{\"group_1\":{\"on_time\":\"09:00\",\"off_time\":\"13:00\"},\"group_2\":{\"on_time\":\"14:00\",\"off_time\":\"19:00\"},\"group_3\":{\"on_time\":\"19:30\",\"off_time\":\"19:30\"}},\"b\":{\"group_1\":{\"on_time\":\"12:00\",\"off_time\":\"12:00\"},\"group_2\":{\"on_time\":\"\",\"off_time\":\"\"},\"group_3\":{\"on_time\":\"\",\"off_time\":\"\"}},\"c\":{\"group_1\":{\"on_time\":\"09:00\",\"off_time\":\"13:00\"},\"group_2\":{\"on_time\":\"14:00\",\"off_time\":\"19:00\"},\"group_3\":{\"on_time\":\"19:30\",\"off_time\":\"21:30\"}}}', '{\"a\":{\"group_1\":{\"on_time\":\"09:00\",\"off_time\":\"13:00\"},\"group_2\":{\"on_time\":\"14:00\",\"off_time\":\"19:00\"},\"group_3\":{\"on_time\":\"19:30\",\"off_time\":\"21:30\"}},\"b\":{\"group_1\":{\"on_time\":\"12:00\",\"off_time\":\"12:00\"},\"group_2\":{\"on_time\":\"\",\"off_time\":\"\"},\"group_3\":{\"on_time\":\"\",\"off_time\":\"\"}},\"c\":{\"group_1\":{\"on_time\":\"09:00\",\"off_time\":\"13:00\"},\"group_2\":{\"on_time\":\"14:00\",\"off_time\":\"19:00\"},\"group_3\":{\"on_time\":\"19:30\",\"off_time\":\"21:30\"}}}', '4', '1529415520', '1');
INSERT INTO `xcx_set` VALUES ('30', '600194A2A8B3', '1524728378', '{\"a\":{\"group_1\":{\"on_time\":\"09:00\",\"off_time\":\"13:00\"},\"group_2\":{\"on_time\":\"14:00\",\"off_time\":\"19:00\"},\"group_3\":{\"on_time\":\"19:30\",\"off_time\":\"19:30\"}},\"b\":{\"group_1\":{\"on_time\":\"12:00\",\"off_time\":\"12:00\"},\"group_2\":{\"on_time\":\"\",\"off_time\":\"\"},\"group_3\":{\"on_time\":\"\",\"off_time\":\"\"}},\"c\":{\"group_1\":{\"on_time\":\"09:00\",\"off_time\":\"13:00\"},\"group_2\":{\"on_time\":\"14:00\",\"off_time\":\"19:00\"},\"group_3\":{\"on_time\":\"19:30\",\"off_time\":\"21:30\"}}}', '{\"a\":{\"group_1\":{\"on_time\":\"09:00\",\"off_time\":\"13:00\"},\"group_2\":{\"on_time\":\"14:00\",\"off_time\":\"19:00\"},\"group_3\":{\"on_time\":\"19:30\",\"off_time\":\"21:30\"}},\"b\":{\"group_1\":{\"on_time\":\"12:00\",\"off_time\":\"12:00\"},\"group_2\":{\"on_time\":\"\",\"off_time\":\"\"},\"group_3\":{\"on_time\":\"\",\"off_time\":\"\"}},\"c\":{\"group_1\":{\"on_time\":\"09:00\",\"off_time\":\"13:00\"},\"group_2\":{\"on_time\":\"14:00\",\"off_time\":\"19:00\"},\"group_3\":{\"on_time\":\"19:30\",\"off_time\":\"21:30\"}}}', '{\"a\":{\"group_1\":{\"on_time\":\"09:00\",\"off_time\":\"13:00\"},\"group_2\":{\"on_time\":\"14:00\",\"off_time\":\"19:00\"},\"group_3\":{\"on_time\":\"19:30\",\"off_time\":\"19:30\"}},\"b\":{\"group_1\":{\"on_time\":\"12:00\",\"off_time\":\"12:03\"},\"group_2\":{\"on_time\":\"\",\"off_time\":\"\"},\"group_3\":{\"on_time\":\"\",\"off_time\":\"\"}},\"c\":{\"group_1\":{\"on_time\":\"09:00\",\"off_time\":\"13:00\"},\"group_2\":{\"on_time\":\"14:00\",\"off_time\":\"19:00\"},\"group_3\":{\"on_time\":\"19:30\",\"off_time\":\"21:30\"}}}', '{\"a\":{\"group_1\":{\"on_time\":\"09:00\",\"off_time\":\"13:00\"},\"group_2\":{\"on_time\":\"14:00\",\"off_time\":\"19:00\"},\"group_3\":{\"on_time\":\"19:30\",\"off_time\":\"21:30\"}},\"b\":{\"group_1\":{\"on_time\":\"12:00\",\"off_time\":\"12:00\"},\"group_2\":{\"on_time\":\"\",\"off_time\":\"\"},\"group_3\":{\"on_time\":\"\",\"off_time\":\"\"}},\"c\":{\"group_1\":{\"on_time\":\"09:00\",\"off_time\":\"13:00\"},\"group_2\":{\"on_time\":\"14:00\",\"off_time\":\"19:00\"},\"group_3\":{\"on_time\":\"19:30\",\"off_time\":\"21:30\"}}}', '{\"a\":{\"group_1\":{\"on_time\":\"09:00\",\"off_time\":\"13:00\"},\"group_2\":{\"on_time\":\"14:00\",\"off_time\":\"19:00\"},\"group_3\":{\"on_time\":\"19:30\",\"off_time\":\"21:30\"}},\"b\":{\"group_1\":{\"on_time\":\"12:00\",\"off_time\":\"12:00\"},\"group_2\":{\"on_time\":\"\",\"off_time\":\"\"},\"group_3\":{\"on_time\":\"\",\"off_time\":\"\"}},\"c\":{\"group_1\":{\"on_time\":\"09:00\",\"off_time\":\"13:00\"},\"group_2\":{\"on_time\":\"14:00\",\"off_time\":\"19:00\"},\"group_3\":{\"on_time\":\"19:30\",\"off_time\":\"20:30\"}}}', '{\"a\":{\"group_1\":{\"on_time\":\"09:02\",\"off_time\":\"13:00\"},\"group_2\":{\"on_time\":\"14:00\",\"off_time\":\"19:00\"},\"group_3\":{\"on_time\":\"19:30\",\"off_time\":\"21:31\"}},\"b\":{\"group_1\":{\"on_time\":\"12:00\",\"off_time\":\"12:00\"},\"group_2\":{\"on_time\":\"\",\"off_time\":\"\"},\"group_3\":{\"on_time\":\"\",\"off_time\":\"\"}},\"c\":{\"group_1\":{\"on_time\":\"09:00\",\"off_time\":\"13:00\"},\"group_2\":{\"on_time\":\"14:00\",\"off_time\":\"19:00\"},\"group_3\":{\"on_time\":\"19:30\",\"off_time\":\"21:30\"}}}', '{\"a\":{\"group_1\":{\"on_time\":\"09:00\",\"off_time\":\"13:00\"},\"group_2\":{\"on_time\":\"14:00\",\"off_time\":\"19:00\"},\"group_3\":{\"on_time\":\"19:30\",\"off_time\":\"21:30\"}},\"b\":{\"group_1\":{\"on_time\":\"12:00\",\"off_time\":\"12:00\"},\"group_2\":{\"on_time\":\"\",\"off_time\":\"\"},\"group_3\":{\"on_time\":\"\",\"off_time\":\"\"}},\"c\":{\"group_1\":{\"on_time\":\"09:00\",\"off_time\":\"13:00\"},\"group_2\":{\"on_time\":\"14:00\",\"off_time\":\"19:00\"},\"group_3\":{\"on_time\":\"19:30\",\"off_time\":\"21:30\"}}}', '4', '1529489280', '0');
INSERT INTO `xcx_set` VALUES ('2', '0', '0', '{\"a\":{\"group_1\":{\"on_time\":\"06:00\",\"off_time\":\"10:08\"},\"group_2\":{\"on_time\":\"14:00\",\"off_time\":\"17:00\"},\"group_3\":{\"on_time\":\"18:30\",\"off_time\":\"20:30\"}},\"b\":{\"group_1\":{\"on_time\":\"12:00\",\"off_time\":\"12:03\"},\"group_2\":{\"on_time\":\"\",\"off_time\":\"\"},\"group_3\":{\"on_time\":\"\",\"off_time\":\"\"}},\"c\":{\"group_1\":{\"on_time\":\"06:00\",\"off_time\":\"08:00\"},\"group_2\":{\"on_time\":\"15:00\",\"off_time\":\"17:00\"},\"group_3\":{\"on_time\":\"19:30\",\"off_time\":\"20:30\"}}}', '{\"a\":{\"group_1\":{\"on_time\":\"06:00\",\"off_time\":\"10:00\"},\"group_2\":{\"on_time\":\"14:00\",\"off_time\":\"17:00\"},\"group_3\":{\"on_time\":\"18:30\",\"off_time\":\"20:30\"}},\"b\":{\"group_1\":{\"on_time\":\"12:00\",\"off_time\":\"12:03\"},\"group_2\":{\"on_time\":\"\",\"off_time\":\"\"},\"group_3\":{\"on_time\":\"\",\"off_time\":\"\"}},\"c\":{\"group_1\":{\"on_time\":\"06:00\",\"off_time\":\"08:00\"},\"group_2\":{\"on_time\":\"15:00\",\"off_time\":\"17:00\"},\"group_3\":{\"on_time\":\"19:30\",\"off_time\":\"20:30\"}}}', '{\"a\":{\"group_1\":{\"on_time\":\"06:00\",\"off_time\":\"10:00\"},\"group_2\":{\"on_time\":\"14:00\",\"off_time\":\"17:00\"},\"group_3\":{\"on_time\":\"18:30\",\"off_time\":\"20:30\"}},\"b\":{\"group_1\":{\"on_time\":\"12:00\",\"off_time\":\"12:03\"},\"group_2\":{\"on_time\":\"\",\"off_time\":\"\"},\"group_3\":{\"on_time\":\"\",\"off_time\":\"\"}},\"c\":{\"group_1\":{\"on_time\":\"06:00\",\"off_time\":\"08:00\"},\"group_2\":{\"on_time\":\"15:00\",\"off_time\":\"17:00\"},\"group_3\":{\"on_time\":\"19:30\",\"off_time\":\"20:30\"}}}', '{\"a\":{\"group_1\":{\"on_time\":\"06:00\",\"off_time\":\"10:00\"},\"group_2\":{\"on_time\":\"14:00\",\"off_time\":\"17:00\"},\"group_3\":{\"on_time\":\"18:30\",\"off_time\":\"20:30\"}},\"b\":{\"group_1\":{\"on_time\":\"12:00\",\"off_time\":\"12:03\"},\"group_2\":{\"on_time\":\"\",\"off_time\":\"\"},\"group_3\":{\"on_time\":\"\",\"off_time\":\"\"}},\"c\":{\"group_1\":{\"on_time\":\"06:00\",\"off_time\":\"08:00\"},\"group_2\":{\"on_time\":\"15:00\",\"off_time\":\"17:00\"},\"group_3\":{\"on_time\":\"19:30\",\"off_time\":\"20:30\"}}}', '{\"a\":{\"group_1\":{\"on_time\":\"06:00\",\"off_time\":\"10:00\"},\"group_2\":{\"on_time\":\"14:00\",\"off_time\":\"17:00\"},\"group_3\":{\"on_time\":\"18:30\",\"off_time\":\"20:30\"}},\"b\":{\"group_1\":{\"on_time\":\"12:00\",\"off_time\":\"12:03\"},\"group_2\":{\"on_time\":\"\",\"off_time\":\"\"},\"group_3\":{\"on_time\":\"\",\"off_time\":\"\"}},\"c\":{\"group_1\":{\"on_time\":\"06:00\",\"off_time\":\"08:00\"},\"group_2\":{\"on_time\":\"15:00\",\"off_time\":\"17:00\"},\"group_3\":{\"on_time\":\"19:30\",\"off_time\":\"20:30\"}}}', '{\"a\":{\"group_1\":{\"on_time\":\"06:00\",\"off_time\":\"10:00\"},\"group_2\":{\"on_time\":\"14:00\",\"off_time\":\"17:00\"},\"group_3\":{\"on_time\":\"18:30\",\"off_time\":\"20:30\"}},\"b\":{\"group_1\":{\"on_time\":\"12:00\",\"off_time\":\"12:03\"},\"group_2\":{\"on_time\":\"\",\"off_time\":\"\"},\"group_3\":{\"on_time\":\"\",\"off_time\":\"\"}},\"c\":{\"group_1\":{\"on_time\":\"06:00\",\"off_time\":\"08:00\"},\"group_2\":{\"on_time\":\"15:00\",\"off_time\":\"17:00\"},\"group_3\":{\"on_time\":\"19:30\",\"off_time\":\"20:30\"}}}', '{\"a\":{\"group_1\":{\"on_time\":\"06:00\",\"off_time\":\"10:00\"},\"group_2\":{\"on_time\":\"14:00\",\"off_time\":\"17:00\"},\"group_3\":{\"on_time\":\"18:30\",\"off_time\":\"20:30\"}},\"b\":{\"group_1\":{\"on_time\":\"12:00\",\"off_time\":\"12:03\"},\"group_2\":{\"on_time\":\"\",\"off_time\":\"\"},\"group_3\":{\"on_time\":\"\",\"off_time\":\"\"}},\"c\":{\"group_1\":{\"on_time\":\"06:00\",\"off_time\":\"08:00\"},\"group_2\":{\"on_time\":\"15:00\",\"off_time\":\"17:00\"},\"group_3\":{\"on_time\":\"19:30\",\"off_time\":\"20:30\"}}}', '2', '0', '0');
INSERT INTO `xcx_set` VALUES ('3', '0', '0', '{\"a\":{\"group_1\":{\"on_time\":\"06:00\",\"off_time\":\"10:00\"},\"group_2\":{\"on_time\":\"14:00\",\"off_time\":\"17:00\"},\"group_3\":{\"on_time\":\"18:30\",\"off_time\":\"20:30\"}},\"b\":{\"group_1\":{\"on_time\":\"12:00\",\"off_time\":\"12:03\"},\"group_2\":{\"on_time\":\"\",\"off_time\":\"\"},\"group_3\":{\"on_time\":\"\",\"off_time\":\"\"}},\"c\":{\"group_1\":{\"on_time\":\"06:00\",\"off_time\":\"08:00\"},\"group_2\":{\"on_time\":\"15:00\",\"off_time\":\"17:00\"},\"group_3\":{\"on_time\":\"19:30\",\"off_time\":\"20:30\"}}}', '{\"a\":{\"group_1\":{\"on_time\":\"06:00\",\"off_time\":\"10:00\"},\"group_2\":{\"on_time\":\"14:00\",\"off_time\":\"17:00\"},\"group_3\":{\"on_time\":\"18:30\",\"off_time\":\"20:30\"}},\"b\":{\"group_1\":{\"on_time\":\"12:00\",\"off_time\":\"12:03\"},\"group_2\":{\"on_time\":\"\",\"off_time\":\"\"},\"group_3\":{\"on_time\":\"\",\"off_time\":\"\"}},\"c\":{\"group_1\":{\"on_time\":\"06:00\",\"off_time\":\"08:00\"},\"group_2\":{\"on_time\":\"15:00\",\"off_time\":\"17:00\"},\"group_3\":{\"on_time\":\"19:30\",\"off_time\":\"20:30\"}}}', '{\"a\":{\"group_1\":{\"on_time\":\"06:00\",\"off_time\":\"10:00\"},\"group_2\":{\"on_time\":\"14:00\",\"off_time\":\"17:00\"},\"group_3\":{\"on_time\":\"18:30\",\"off_time\":\"20:30\"}},\"b\":{\"group_1\":{\"on_time\":\"12:00\",\"off_time\":\"12:03\"},\"group_2\":{\"on_time\":\"\",\"off_time\":\"\"},\"group_3\":{\"on_time\":\"\",\"off_time\":\"\"}},\"c\":{\"group_1\":{\"on_time\":\"06:00\",\"off_time\":\"08:00\"},\"group_2\":{\"on_time\":\"15:00\",\"off_time\":\"17:00\"},\"group_3\":{\"on_time\":\"19:30\",\"off_time\":\"20:30\"}}}', '{\"a\":{\"group_1\":{\"on_time\":\"06:00\",\"off_time\":\"10:00\"},\"group_2\":{\"on_time\":\"14:00\",\"off_time\":\"17:00\"},\"group_3\":{\"on_time\":\"18:30\",\"off_time\":\"20:30\"}},\"b\":{\"group_1\":{\"on_time\":\"12:00\",\"off_time\":\"12:03\"},\"group_2\":{\"on_time\":\"\",\"off_time\":\"\"},\"group_3\":{\"on_time\":\"\",\"off_time\":\"\"}},\"c\":{\"group_1\":{\"on_time\":\"06:00\",\"off_time\":\"08:00\"},\"group_2\":{\"on_time\":\"15:00\",\"off_time\":\"17:00\"},\"group_3\":{\"on_time\":\"19:30\",\"off_time\":\"20:30\"}}}', '{\"a\":{\"group_1\":{\"on_time\":\"06:00\",\"off_time\":\"10:00\"},\"group_2\":{\"on_time\":\"14:00\",\"off_time\":\"17:00\"},\"group_3\":{\"on_time\":\"18:30\",\"off_time\":\"20:30\"}},\"b\":{\"group_1\":{\"on_time\":\"12:00\",\"off_time\":\"12:03\"},\"group_2\":{\"on_time\":\"\",\"off_time\":\"\"},\"group_3\":{\"on_time\":\"\",\"off_time\":\"\"}},\"c\":{\"group_1\":{\"on_time\":\"06:00\",\"off_time\":\"08:00\"},\"group_2\":{\"on_time\":\"15:00\",\"off_time\":\"17:00\"},\"group_3\":{\"on_time\":\"19:30\",\"off_time\":\"20:30\"}}}', '{\"a\":{\"group_1\":{\"on_time\":\"06:00\",\"off_time\":\"10:00\"},\"group_2\":{\"on_time\":\"14:00\",\"off_time\":\"17:00\"},\"group_3\":{\"on_time\":\"18:30\",\"off_time\":\"20:30\"}},\"b\":{\"group_1\":{\"on_time\":\"12:00\",\"off_time\":\"12:03\"},\"group_2\":{\"on_time\":\"\",\"off_time\":\"\"},\"group_3\":{\"on_time\":\"\",\"off_time\":\"\"}},\"c\":{\"group_1\":{\"on_time\":\"06:00\",\"off_time\":\"08:00\"},\"group_2\":{\"on_time\":\"15:00\",\"off_time\":\"17:00\"},\"group_3\":{\"on_time\":\"19:30\",\"off_time\":\"20:30\"}}}', '{\"a\":{\"group_1\":{\"on_time\":\"06:00\",\"off_time\":\"10:00\"},\"group_2\":{\"on_time\":\"14:00\",\"off_time\":\"17:00\"},\"group_3\":{\"on_time\":\"18:30\",\"off_time\":\"20:30\"}},\"b\":{\"group_1\":{\"on_time\":\"12:00\",\"off_time\":\"12:03\"},\"group_2\":{\"on_time\":\"\",\"off_time\":\"\"},\"group_3\":{\"on_time\":\"\",\"off_time\":\"\"}},\"c\":{\"group_1\":{\"on_time\":\"06:00\",\"off_time\":\"08:00\"},\"group_2\":{\"on_time\":\"15:00\",\"off_time\":\"17:00\"},\"group_3\":{\"on_time\":\"19:30\",\"off_time\":\"20:30\"}}}', '3', '0', '0');
INSERT INTO `xcx_set` VALUES ('31', '600194A2A8B6', '1526874026', '{\"a\":{\"group_1\":{\"on_time\":\"17:18\",\"off_time\":\"17:19\"},\"group_2\":{\"on_time\":\"22:34\",\"off_time\":\"22:34\"},\"group_3\":{\"on_time\":\"23:15\",\"off_time\":\"23:15\"}},\"b\":{\"group_1\":{\"on_time\":\"23:09\",\"off_time\":\"23:09\"},\"group_2\":{\"on_time\":\"\",\"off_time\":\"\"},\"group_3\":{\"on_time\":\"\",\"off_time\":\"\"}},\"c\":{\"group_1\":{\"on_time\":\"20:00\",\"off_time\":\"20:03\"},\"group_2\":{\"on_time\":\"22:03\",\"off_time\":\"22:03\"},\"group_3\":{\"on_time\":\"23:30\",\"off_time\":\"23:30\"}}}', '{\"a\":{\"group_1\":{\"on_time\":\"08:00\",\"off_time\":\"09:59\"},\"group_2\":{\"on_time\":\"13:30\",\"off_time\":\"17:30\"},\"group_3\":{\"on_time\":\"18:30\",\"off_time\":\"19:30\"}},\"b\":{\"group_1\":{\"on_time\":\"20:47\",\"off_time\":\"20:50\"},\"group_2\":{\"on_time\":\"\",\"off_time\":\"\"},\"group_3\":{\"on_time\":\"\",\"off_time\":\"\"}},\"c\":{\"group_1\":{\"on_time\":\"08:00\",\"off_time\":\"11:00\"},\"group_2\":{\"on_time\":\"13:30\",\"off_time\":\"17:31\"},\"group_3\":{\"on_time\":\"18:30\",\"off_time\":\"20:30\"}}}', '{\"a\":{\"group_1\":{\"on_time\":\"08:00\",\"off_time\":\"12:00\"},\"group_2\":{\"on_time\":\"13:30\",\"off_time\":\"17:30\"},\"group_3\":{\"on_time\":\"18:30\",\"off_time\":\"23:30\"}},\"b\":{\"group_1\":{\"on_time\":\"09:00\",\"off_time\":\"09:03\"},\"group_2\":{\"on_time\":\"\",\"off_time\":\"\"},\"group_3\":{\"on_time\":\"\",\"off_time\":\"\"}},\"c\":{\"group_1\":{\"on_time\":\"08:00\",\"off_time\":\"12:00\"},\"group_2\":{\"on_time\":\"13:30\",\"off_time\":\"17:30\"},\"group_3\":{\"on_time\":\"18:30\",\"off_time\":\"23:30\"}}}', '{\"a\":{\"group_1\":{\"on_time\":\"08:00\",\"off_time\":\"12:00\"},\"group_2\":{\"on_time\":\"13:30\",\"off_time\":\"17:30\"},\"group_3\":{\"on_time\":\"18:30\",\"off_time\":\"23:30\"}},\"b\":{\"group_1\":{\"on_time\":\"09:00\",\"off_time\":\"09:03\"},\"group_2\":{\"on_time\":\"\",\"off_time\":\"\"},\"group_3\":{\"on_time\":\"\",\"off_time\":\"\"}},\"c\":{\"group_1\":{\"on_time\":\"08:00\",\"off_time\":\"12:00\"},\"group_2\":{\"on_time\":\"13:30\",\"off_time\":\"17:30\"},\"group_3\":{\"on_time\":\"18:30\",\"off_time\":\"23:30\"}}}', '{\"a\":{\"group_1\":{\"on_time\":\"08:00\",\"off_time\":\"12:00\"},\"group_2\":{\"on_time\":\"13:30\",\"off_time\":\"17:30\"},\"group_3\":{\"on_time\":\"18:30\",\"off_time\":\"23:30\"}},\"b\":{\"group_1\":{\"on_time\":\"09:00\",\"off_time\":\"09:03\"},\"group_2\":{\"on_time\":\"\",\"off_time\":\"\"},\"group_3\":{\"on_time\":\"\",\"off_time\":\"\"}},\"c\":{\"group_1\":{\"on_time\":\"08:00\",\"off_time\":\"12:00\"},\"group_2\":{\"on_time\":\"13:30\",\"off_time\":\"17:30\"},\"group_3\":{\"on_time\":\"18:30\",\"off_time\":\"23:30\"}}}', '{\"a\":{\"group_1\":{\"on_time\":\"08:00\",\"off_time\":\"12:00\"},\"group_2\":{\"on_time\":\"13:30\",\"off_time\":\"17:30\"},\"group_3\":{\"on_time\":\"18:30\",\"off_time\":\"23:30\"}},\"b\":{\"group_1\":{\"on_time\":\"09:00\",\"off_time\":\"09:03\"},\"group_2\":{\"on_time\":\"\",\"off_time\":\"\"},\"group_3\":{\"on_time\":\"\",\"off_time\":\"\"}},\"c\":{\"group_1\":{\"on_time\":\"08:00\",\"off_time\":\"12:00\"},\"group_2\":{\"on_time\":\"13:30\",\"off_time\":\"17:30\"},\"group_3\":{\"on_time\":\"18:30\",\"off_time\":\"23:30\"}}}', '{\"a\":{\"group_1\":{\"on_time\":\"08:00\",\"off_time\":\"10:00\"},\"group_2\":{\"on_time\":\"13:29\",\"off_time\":\"13:29\"},\"group_3\":{\"on_time\":\"18:30\",\"off_time\":\"23:30\"}},\"b\":{\"group_1\":{\"on_time\":\"09:00\",\"off_time\":\"09:03\"},\"group_2\":{\"on_time\":\"\",\"off_time\":\"\"},\"group_3\":{\"on_time\":\"\",\"off_time\":\"\"}},\"c\":{\"group_1\":{\"on_time\":\"08:00\",\"off_time\":\"10:00\"},\"group_2\":{\"on_time\":\"13:30\",\"off_time\":\"17:30\"},\"group_3\":{\"on_time\":\"18:30\",\"off_time\":\"23:30\"}}}', '4', '1526993253', '1');
INSERT INTO `xcx_set` VALUES ('32', '600194A2A957', '1526985742', '{\"a\":{\"group_1\":{\"on_time\":\"08:00\",\"off_time\":\"12:00\"},\"group_2\":{\"on_time\":\"13:30\",\"off_time\":\"17:30\"},\"group_3\":{\"on_time\":\"18:30\",\"off_time\":\"23:31\"}},\"b\":{\"group_1\":{\"on_time\":\"12:00\",\"off_time\":\"12:00\"},\"group_2\":{\"on_time\":\"\",\"off_time\":\"\"},\"group_3\":{\"on_time\":\"\",\"off_time\":\"\"}},\"c\":{\"group_1\":{\"on_time\":\"08:00\",\"off_time\":\"12:00\"},\"group_2\":{\"on_time\":\"13:30\",\"off_time\":\"17:30\"},\"group_3\":{\"on_time\":\"18:30\",\"off_time\":\"23:31\"}}}', '{\"a\":{\"group_1\":{\"on_time\":\"08:00\",\"off_time\":\"12:01\"},\"group_2\":{\"on_time\":\"13:30\",\"off_time\":\"17:56\"},\"group_3\":{\"on_time\":\"20:42\",\"off_time\":\"20:43\"}},\"b\":{\"group_1\":{\"on_time\":\"20:42\",\"off_time\":\"20:43\"},\"group_2\":{\"on_time\":\"\",\"off_time\":\"\"},\"group_3\":{\"on_time\":\"\",\"off_time\":\"\"}},\"c\":{\"group_1\":{\"on_time\":\"08:00\",\"off_time\":\"12:00\"},\"group_2\":{\"on_time\":\"13:30\",\"off_time\":\"17:52\"},\"group_3\":{\"on_time\":\"20:42\",\"off_time\":\"20:43\"}}}', '{\"a\":{\"group_1\":{\"on_time\":\"08:00\",\"off_time\":\"12:00\"},\"group_2\":{\"on_time\":\"13:30\",\"off_time\":\"17:30\"},\"group_3\":{\"on_time\":\"18:30\",\"off_time\":\"23:30\"}},\"b\":{\"group_1\":{\"on_time\":\"12:00\",\"off_time\":\"12:03\"},\"group_2\":{\"on_time\":\"\",\"off_time\":\"\"},\"group_3\":{\"on_time\":\"\",\"off_time\":\"\"}},\"c\":{\"group_1\":{\"on_time\":\"08:00\",\"off_time\":\"12:00\"},\"group_2\":{\"on_time\":\"13:30\",\"off_time\":\"17:30\"},\"group_3\":{\"on_time\":\"18:30\",\"off_time\":\"23:30\"}}}', '{\"a\":{\"group_1\":{\"on_time\":\"08:00\",\"off_time\":\"12:00\"},\"group_2\":{\"on_time\":\"13:30\",\"off_time\":\"17:30\"},\"group_3\":{\"on_time\":\"18:30\",\"off_time\":\"23:30\"}},\"b\":{\"group_1\":{\"on_time\":\"12:00\",\"off_time\":\"12:03\"},\"group_2\":{\"on_time\":\"\",\"off_time\":\"\"},\"group_3\":{\"on_time\":\"\",\"off_time\":\"\"}},\"c\":{\"group_1\":{\"on_time\":\"08:00\",\"off_time\":\"12:00\"},\"group_2\":{\"on_time\":\"13:30\",\"off_time\":\"17:30\"},\"group_3\":{\"on_time\":\"18:30\",\"off_time\":\"23:30\"}}}', '{\"a\":{\"group_1\":{\"on_time\":\"08:00\",\"off_time\":\"12:00\"},\"group_2\":{\"on_time\":\"13:30\",\"off_time\":\"17:30\"},\"group_3\":{\"on_time\":\"18:30\",\"off_time\":\"23:30\"}},\"b\":{\"group_1\":{\"on_time\":\"12:00\",\"off_time\":\"12:03\"},\"group_2\":{\"on_time\":\"\",\"off_time\":\"\"},\"group_3\":{\"on_time\":\"\",\"off_time\":\"\"}},\"c\":{\"group_1\":{\"on_time\":\"08:00\",\"off_time\":\"12:00\"},\"group_2\":{\"on_time\":\"13:30\",\"off_time\":\"17:30\"},\"group_3\":{\"on_time\":\"18:30\",\"off_time\":\"23:30\"}}}', '{\"a\":{\"group_1\":{\"on_time\":\"08:00\",\"off_time\":\"12:00\"},\"group_2\":{\"on_time\":\"13:30\",\"off_time\":\"17:30\"},\"group_3\":{\"on_time\":\"18:30\",\"off_time\":\"23:30\"}},\"b\":{\"group_1\":{\"on_time\":\"12:00\",\"off_time\":\"12:03\"},\"group_2\":{\"on_time\":\"\",\"off_time\":\"\"},\"group_3\":{\"on_time\":\"\",\"off_time\":\"\"}},\"c\":{\"group_1\":{\"on_time\":\"08:00\",\"off_time\":\"12:00\"},\"group_2\":{\"on_time\":\"13:30\",\"off_time\":\"17:30\"},\"group_3\":{\"on_time\":\"18:30\",\"off_time\":\"23:30\"}}}', '{\"a\":{\"group_1\":{\"on_time\":\"08:00\",\"off_time\":\"12:00\"},\"group_2\":{\"on_time\":\"13:30\",\"off_time\":\"17:30\"},\"group_3\":{\"on_time\":\"18:30\",\"off_time\":\"23:30\"}},\"b\":{\"group_1\":{\"on_time\":\"12:00\",\"off_time\":\"12:03\"},\"group_2\":{\"on_time\":\"\",\"off_time\":\"\"},\"group_3\":{\"on_time\":\"\",\"off_time\":\"\"}},\"c\":{\"group_1\":{\"on_time\":\"08:00\",\"off_time\":\"12:00\"},\"group_2\":{\"on_time\":\"13:30\",\"off_time\":\"17:30\"},\"group_3\":{\"on_time\":\"18:30\",\"off_time\":\"23:30\"}}}', '4', '1526992954', '1');
INSERT INTO `xcx_set` VALUES ('33', 'DC4F22C2F34E', '1527425409', '{\"a\":{\"group_1\":{\"on_time\":\"08:00\",\"off_time\":\"13:00\"},\"group_2\":{\"on_time\":\"14:30\",\"off_time\":\"18:29\"},\"group_3\":{\"on_time\":\"19:30\",\"off_time\":\"21:30\"}},\"b\":{\"group_1\":{\"on_time\":\"12:00\",\"off_time\":\"12:00\"},\"group_2\":{\"on_time\":\"\",\"off_time\":\"\"},\"group_3\":{\"on_time\":\"\",\"off_time\":\"\"}},\"c\":{\"group_1\":{\"on_time\":\"09:00\",\"off_time\":\"13:00\"},\"group_2\":{\"on_time\":\"18:29\",\"off_time\":\"18:29\"},\"group_3\":{\"on_time\":\"19:30\",\"off_time\":\"21:30\"}}}', '{\"a\":{\"group_1\":{\"on_time\":\"08:00\",\"off_time\":\"12:00\"},\"group_2\":{\"on_time\":\"13:30\",\"off_time\":\"17:30\"},\"group_3\":{\"on_time\":\"18:30\",\"off_time\":\"23:30\"}},\"b\":{\"group_1\":{\"on_time\":\"12:00\",\"off_time\":\"12:00\"},\"group_2\":{\"on_time\":\"\",\"off_time\":\"\"},\"group_3\":{\"on_time\":\"\",\"off_time\":\"\"}},\"c\":{\"group_1\":{\"on_time\":\"08:00\",\"off_time\":\"12:00\"},\"group_2\":{\"on_time\":\"13:30\",\"off_time\":\"17:30\"},\"group_3\":{\"on_time\":\"18:30\",\"off_time\":\"23:30\"}}}', '{\"a\":{\"group_1\":{\"on_time\":\"08:00\",\"off_time\":\"12:00\"},\"group_2\":{\"on_time\":\"13:30\",\"off_time\":\"17:30\"},\"group_3\":{\"on_time\":\"18:30\",\"off_time\":\"23:30\"}},\"b\":{\"group_1\":{\"on_time\":\"12:00\",\"off_time\":\"12:00\"},\"group_2\":{\"on_time\":\"\",\"off_time\":\"\"},\"group_3\":{\"on_time\":\"\",\"off_time\":\"\"}},\"c\":{\"group_1\":{\"on_time\":\"08:00\",\"off_time\":\"12:00\"},\"group_2\":{\"on_time\":\"13:30\",\"off_time\":\"17:30\"},\"group_3\":{\"on_time\":\"18:30\",\"off_time\":\"23:30\"}}}', '{\"a\":{\"group_1\":{\"on_time\":\"08:00\",\"off_time\":\"12:00\"},\"group_2\":{\"on_time\":\"13:30\",\"off_time\":\"17:30\"},\"group_3\":{\"on_time\":\"18:30\",\"off_time\":\"23:30\"}},\"b\":{\"group_1\":{\"on_time\":\"12:00\",\"off_time\":\"12:00\"},\"group_2\":{\"on_time\":\"\",\"off_time\":\"\"},\"group_3\":{\"on_time\":\"\",\"off_time\":\"\"}},\"c\":{\"group_1\":{\"on_time\":\"08:00\",\"off_time\":\"12:00\"},\"group_2\":{\"on_time\":\"13:30\",\"off_time\":\"17:30\"},\"group_3\":{\"on_time\":\"18:30\",\"off_time\":\"23:30\"}}}', '{\"a\":{\"group_1\":{\"on_time\":\"08:00\",\"off_time\":\"12:00\"},\"group_2\":{\"on_time\":\"13:30\",\"off_time\":\"17:30\"},\"group_3\":{\"on_time\":\"18:30\",\"off_time\":\"23:30\"}},\"b\":{\"group_1\":{\"on_time\":\"12:00\",\"off_time\":\"12:03\"},\"group_2\":{\"on_time\":\"\",\"off_time\":\"\"},\"group_3\":{\"on_time\":\"\",\"off_time\":\"\"}},\"c\":{\"group_1\":{\"on_time\":\"08:00\",\"off_time\":\"12:00\"},\"group_2\":{\"on_time\":\"13:30\",\"off_time\":\"17:30\"},\"group_3\":{\"on_time\":\"18:30\",\"off_time\":\"23:30\"}}}', '{\"a\":{\"group_1\":{\"on_time\":\"08:00\",\"off_time\":\"12:00\"},\"group_2\":{\"on_time\":\"13:30\",\"off_time\":\"17:30\"},\"group_3\":{\"on_time\":\"18:30\",\"off_time\":\"23:30\"}},\"b\":{\"group_1\":{\"on_time\":\"12:00\",\"off_time\":\"12:00\"},\"group_2\":{\"on_time\":\"\",\"off_time\":\"\"},\"group_3\":{\"on_time\":\"\",\"off_time\":\"\"}},\"c\":{\"group_1\":{\"on_time\":\"08:00\",\"off_time\":\"12:00\"},\"group_2\":{\"on_time\":\"13:30\",\"off_time\":\"17:30\"},\"group_3\":{\"on_time\":\"18:30\",\"off_time\":\"23:30\"}}}', '{\"a\":{\"group_1\":{\"on_time\":\"08:00\",\"off_time\":\"12:00\"},\"group_2\":{\"on_time\":\"13:30\",\"off_time\":\"17:30\"},\"group_3\":{\"on_time\":\"18:30\",\"off_time\":\"18:30\"}},\"b\":{\"group_1\":{\"on_time\":\"12:00\",\"off_time\":\"12:00\"},\"group_2\":{\"on_time\":\"\",\"off_time\":\"\"},\"group_3\":{\"on_time\":\"\",\"off_time\":\"\"}},\"c\":{\"group_1\":{\"on_time\":\"08:00\",\"off_time\":\"12:00\"},\"group_2\":{\"on_time\":\"13:30\",\"off_time\":\"17:30\"},\"group_3\":{\"on_time\":\"18:30\",\"off_time\":\"18:30\"}}}', '4', '1529482586', '1');
INSERT INTO `xcx_set` VALUES ('34', '600194A2A8B5', '1528515317', '{\"a\":{\"group_1\":{\"on_time\":\"09:00\",\"off_time\":\"13:00\"},\"group_2\":{\"on_time\":\"14:30\",\"off_time\":\"18:29\"},\"group_3\":{\"on_time\":\"19:30\",\"off_time\":\"20:30\"}},\"b\":{\"group_1\":{\"on_time\":\"11:00\",\"off_time\":\"11:03\"},\"group_2\":{\"on_time\":\"\",\"off_time\":\"\"},\"group_3\":{\"on_time\":\"\",\"off_time\":\"\"}},\"c\":{\"group_1\":{\"on_time\":\"09:00\",\"off_time\":\"12:00\"},\"group_2\":{\"on_time\":\"14:30\",\"off_time\":\"18:29\"},\"group_3\":{\"on_time\":\"19:30\",\"off_time\":\"20:30\"}}}', '{\"a\":{\"group_1\":{\"on_time\":\"09:00\",\"off_time\":\"13:00\"},\"group_2\":{\"on_time\":\"14:30\",\"off_time\":\"18:29\"},\"group_3\":{\"on_time\":\"19:30\",\"off_time\":\"20:30\"}},\"b\":{\"group_1\":{\"on_time\":\"12:00\",\"off_time\":\"12:00\"},\"group_2\":{\"on_time\":\"\",\"off_time\":\"\"},\"group_3\":{\"on_time\":\"\",\"off_time\":\"\"}},\"c\":{\"group_1\":{\"on_time\":\"09:00\",\"off_time\":\"12:00\"},\"group_2\":{\"on_time\":\"14:30\",\"off_time\":\"18:29\"},\"group_3\":{\"on_time\":\"19:30\",\"off_time\":\"20:30\"}}}', '{\"a\":{\"group_1\":{\"on_time\":\"09:00\",\"off_time\":\"13:00\"},\"group_2\":{\"on_time\":\"14:30\",\"off_time\":\"18:29\"},\"group_3\":{\"on_time\":\"19:30\",\"off_time\":\"20:30\"}},\"b\":{\"group_1\":{\"on_time\":\"12:00\",\"off_time\":\"12:00\"},\"group_2\":{\"on_time\":\"\",\"off_time\":\"\"},\"group_3\":{\"on_time\":\"\",\"off_time\":\"\"}},\"c\":{\"group_1\":{\"on_time\":\"09:00\",\"off_time\":\"12:00\"},\"group_2\":{\"on_time\":\"14:30\",\"off_time\":\"18:29\"},\"group_3\":{\"on_time\":\"19:29\",\"off_time\":\"20:30\"}}}', '{\"a\":{\"group_1\":{\"on_time\":\"09:00\",\"off_time\":\"13:00\"},\"group_2\":{\"on_time\":\"14:30\",\"off_time\":\"18:29\"},\"group_3\":{\"on_time\":\"19:30\",\"off_time\":\"20:30\"}},\"b\":{\"group_1\":{\"on_time\":\"12:00\",\"off_time\":\"12:00\"},\"group_2\":{\"on_time\":\"\",\"off_time\":\"\"},\"group_3\":{\"on_time\":\"\",\"off_time\":\"\"}},\"c\":{\"group_1\":{\"on_time\":\"09:00\",\"off_time\":\"12:00\"},\"group_2\":{\"on_time\":\"14:30\",\"off_time\":\"18:29\"},\"group_3\":{\"on_time\":\"19:30\",\"off_time\":\"20:30\"}}}', '{\"a\":{\"group_1\":{\"on_time\":\"09:00\",\"off_time\":\"13:00\"},\"group_2\":{\"on_time\":\"14:30\",\"off_time\":\"18:29\"},\"group_3\":{\"on_time\":\"18:30\",\"off_time\":\"20:30\"}},\"b\":{\"group_1\":{\"on_time\":\"12:00\",\"off_time\":\"12:00\"},\"group_2\":{\"on_time\":\"\",\"off_time\":\"\"},\"group_3\":{\"on_time\":\"\",\"off_time\":\"\"}},\"c\":{\"group_1\":{\"on_time\":\"09:00\",\"off_time\":\"12:00\"},\"group_2\":{\"on_time\":\"14:30\",\"off_time\":\"18:29\"},\"group_3\":{\"on_time\":\"19:30\",\"off_time\":\"20:30\"}}}', '{\"a\":{\"group_1\":{\"on_time\":\"09:00\",\"off_time\":\"13:00\"},\"group_2\":{\"on_time\":\"14:30\",\"off_time\":\"18:29\"},\"group_3\":{\"on_time\":\"19:30\",\"off_time\":\"20:30\"}},\"b\":{\"group_1\":{\"on_time\":\"12:00\",\"off_time\":\"12:00\"},\"group_2\":{\"on_time\":\"\",\"off_time\":\"\"},\"group_3\":{\"on_time\":\"\",\"off_time\":\"\"}},\"c\":{\"group_1\":{\"on_time\":\"09:00\",\"off_time\":\"12:00\"},\"group_2\":{\"on_time\":\"14:30\",\"off_time\":\"18:29\"},\"group_3\":{\"on_time\":\"19:30\",\"off_time\":\"20:30\"}}}', '{\"a\":{\"group_1\":{\"on_time\":\"09:00\",\"off_time\":\"13:00\"},\"group_2\":{\"on_time\":\"14:30\",\"off_time\":\"18:29\"},\"group_3\":{\"on_time\":\"19:30\",\"off_time\":\"20:30\"}},\"b\":{\"group_1\":{\"on_time\":\"12:00\",\"off_time\":\"12:00\"},\"group_2\":{\"on_time\":\"\",\"off_time\":\"\"},\"group_3\":{\"on_time\":\"\",\"off_time\":\"\"}},\"c\":{\"group_1\":{\"on_time\":\"09:00\",\"off_time\":\"12:00\"},\"group_2\":{\"on_time\":\"14:30\",\"off_time\":\"18:29\"},\"group_3\":{\"on_time\":\"19:30\",\"off_time\":\"20:30\"}}}', '4', '1530515621', '0');
INSERT INTO `xcx_set` VALUES ('35', 'DC4F228EFE4A', '1530242858', '{\"a\":{\"group_1\":{\"on_time\":\"09:00\",\"off_time\":\"11:00\"},\"group_2\":{\"on_time\":\"14:30\",\"off_time\":\"16:30\"},\"group_3\":{\"on_time\":\"18:30\",\"off_time\":\"20:30\"}},\"b\":{\"group_1\":{\"on_time\":\"12:00\",\"off_time\":\"12:03\"},\"group_2\":{\"on_time\":\"\",\"off_time\":\"\"},\"group_3\":{\"on_time\":\"\",\"off_time\":\"\"}},\"c\":{\"group_1\":{\"on_time\":\"08:00\",\"off_time\":\"12:00\"},\"group_2\":{\"on_time\":\"13:30\",\"off_time\":\"17:30\"},\"group_3\":{\"on_time\":\"18:30\",\"off_time\":\"23:30\"}}}', '{\"a\":{\"group_1\":{\"on_time\":\"09:00\",\"off_time\":\"11:00\"},\"group_2\":{\"on_time\":\"14:30\",\"off_time\":\"16:30\"},\"group_3\":{\"on_time\":\"18:30\",\"off_time\":\"20:30\"}},\"b\":{\"group_1\":{\"on_time\":\"12:00\",\"off_time\":\"12:03\"},\"group_2\":{\"on_time\":\"\",\"off_time\":\"\"},\"group_3\":{\"on_time\":\"\",\"off_time\":\"\"}},\"c\":{\"group_1\":{\"on_time\":\"08:00\",\"off_time\":\"12:00\"},\"group_2\":{\"on_time\":\"13:30\",\"off_time\":\"17:30\"},\"group_3\":{\"on_time\":\"18:30\",\"off_time\":\"23:30\"}}}', '{\"a\":{\"group_1\":{\"on_time\":\"09:00\",\"off_time\":\"11:00\"},\"group_2\":{\"on_time\":\"14:30\",\"off_time\":\"16:30\"},\"group_3\":{\"on_time\":\"18:30\",\"off_time\":\"20:30\"}},\"b\":{\"group_1\":{\"on_time\":\"12:00\",\"off_time\":\"12:03\"},\"group_2\":{\"on_time\":\"\",\"off_time\":\"\"},\"group_3\":{\"on_time\":\"\",\"off_time\":\"\"}},\"c\":{\"group_1\":{\"on_time\":\"08:00\",\"off_time\":\"12:00\"},\"group_2\":{\"on_time\":\"13:30\",\"off_time\":\"17:30\"},\"group_3\":{\"on_time\":\"18:30\",\"off_time\":\"23:30\"}}}', '{\"a\":{\"group_1\":{\"on_time\":\"09:00\",\"off_time\":\"11:00\"},\"group_2\":{\"on_time\":\"14:30\",\"off_time\":\"16:30\"},\"group_3\":{\"on_time\":\"18:30\",\"off_time\":\"20:30\"}},\"b\":{\"group_1\":{\"on_time\":\"12:00\",\"off_time\":\"12:03\"},\"group_2\":{\"on_time\":\"\",\"off_time\":\"\"},\"group_3\":{\"on_time\":\"\",\"off_time\":\"\"}},\"c\":{\"group_1\":{\"on_time\":\"08:00\",\"off_time\":\"12:00\"},\"group_2\":{\"on_time\":\"13:30\",\"off_time\":\"17:30\"},\"group_3\":{\"on_time\":\"18:30\",\"off_time\":\"23:30\"}}}', '{\"a\":{\"group_1\":{\"on_time\":\"09:00\",\"off_time\":\"12:16\"},\"group_2\":{\"on_time\":\"14:30\",\"off_time\":\"16:30\"},\"group_3\":{\"on_time\":\"18:30\",\"off_time\":\"20:30\"}},\"b\":{\"group_1\":{\"on_time\":\"12:00\",\"off_time\":\"12:03\"},\"group_2\":{\"on_time\":\"\",\"off_time\":\"\"},\"group_3\":{\"on_time\":\"\",\"off_time\":\"\"}},\"c\":{\"group_1\":{\"on_time\":\"08:00\",\"off_time\":\"12:00\"},\"group_2\":{\"on_time\":\"13:30\",\"off_time\":\"17:30\"},\"group_3\":{\"on_time\":\"18:30\",\"off_time\":\"23:30\"}}}', '{\"a\":{\"group_1\":{\"on_time\":\"09:00\",\"off_time\":\"11:00\"},\"group_2\":{\"on_time\":\"14:30\",\"off_time\":\"16:30\"},\"group_3\":{\"on_time\":\"18:30\",\"off_time\":\"20:30\"}},\"b\":{\"group_1\":{\"on_time\":\"12:00\",\"off_time\":\"12:03\"},\"group_2\":{\"on_time\":\"\",\"off_time\":\"\"},\"group_3\":{\"on_time\":\"\",\"off_time\":\"\"}},\"c\":{\"group_1\":{\"on_time\":\"08:00\",\"off_time\":\"12:00\"},\"group_2\":{\"on_time\":\"13:30\",\"off_time\":\"17:30\"},\"group_3\":{\"on_time\":\"18:30\",\"off_time\":\"23:30\"}}}', '{\"a\":{\"group_1\":{\"on_time\":\"09:00\",\"off_time\":\"11:00\"},\"group_2\":{\"on_time\":\"14:30\",\"off_time\":\"16:30\"},\"group_3\":{\"on_time\":\"18:30\",\"off_time\":\"20:30\"}},\"b\":{\"group_1\":{\"on_time\":\"12:00\",\"off_time\":\"12:03\"},\"group_2\":{\"on_time\":\"\",\"off_time\":\"\"},\"group_3\":{\"on_time\":\"\",\"off_time\":\"\"}},\"c\":{\"group_1\":{\"on_time\":\"08:00\",\"off_time\":\"12:00\"},\"group_2\":{\"on_time\":\"13:30\",\"off_time\":\"17:30\"},\"group_3\":{\"on_time\":\"18:30\",\"off_time\":\"23:30\"}}}', '4', '', '1');

-- ----------------------------
-- Table structure for xcx_ucenter_admin
-- ----------------------------
DROP TABLE IF EXISTS `xcx_ucenter_admin`;
CREATE TABLE `xcx_ucenter_admin` (
  `id` int(10) unsigned NOT NULL AUTO_INCREMENT COMMENT '管理员ID',
  `member_id` int(10) unsigned NOT NULL DEFAULT '0' COMMENT '管理员用户ID',
  `status` tinyint(3) unsigned NOT NULL DEFAULT '0' COMMENT '管理员状态',
  PRIMARY KEY (`id`)
) ENGINE=MyISAM DEFAULT CHARSET=utf8 COMMENT='管理员表';

-- ----------------------------
-- Records of xcx_ucenter_admin
-- ----------------------------

-- ----------------------------
-- Table structure for xcx_ucenter_app
-- ----------------------------
DROP TABLE IF EXISTS `xcx_ucenter_app`;
CREATE TABLE `xcx_ucenter_app` (
  `id` int(10) unsigned NOT NULL AUTO_INCREMENT COMMENT '应用ID',
  `title` varchar(30) NOT NULL COMMENT '应用名称',
  `url` varchar(100) NOT NULL COMMENT '应用URL',
  `ip` char(15) NOT NULL COMMENT '应用IP',
  `auth_key` varchar(100) NOT NULL COMMENT '加密KEY',
  `sys_login` tinyint(1) unsigned NOT NULL DEFAULT '0' COMMENT '同步登陆',
  `allow_ip` varchar(255) NOT NULL COMMENT '允许访问的IP',
  `create_time` int(10) unsigned NOT NULL DEFAULT '0' COMMENT '创建时间',
  `update_time` int(10) unsigned NOT NULL DEFAULT '0' COMMENT '更新时间',
  `status` tinyint(4) NOT NULL DEFAULT '0' COMMENT '应用状态',
  PRIMARY KEY (`id`),
  KEY `status` (`status`)
) ENGINE=MyISAM DEFAULT CHARSET=utf8 COMMENT='应用表';

-- ----------------------------
-- Records of xcx_ucenter_app
-- ----------------------------

-- ----------------------------
-- Table structure for xcx_ucenter_member
-- ----------------------------
DROP TABLE IF EXISTS `xcx_ucenter_member`;
CREATE TABLE `xcx_ucenter_member` (
  `id` int(10) unsigned NOT NULL AUTO_INCREMENT COMMENT '用户ID',
  `username` char(16) NOT NULL COMMENT '用户名',
  `password` char(32) NOT NULL COMMENT '密码',
  `email` char(32) NOT NULL COMMENT '用户邮箱',
  `mobile` char(15) NOT NULL COMMENT '用户手机',
  `reg_time` int(10) unsigned NOT NULL DEFAULT '0' COMMENT '注册时间',
  `reg_ip` bigint(20) NOT NULL DEFAULT '0' COMMENT '注册IP',
  `last_login_time` int(10) unsigned NOT NULL DEFAULT '0' COMMENT '最后登录时间',
  `last_login_ip` bigint(20) NOT NULL DEFAULT '0' COMMENT '最后登录IP',
  `update_time` int(10) unsigned NOT NULL DEFAULT '0' COMMENT '更新时间',
  `status` tinyint(4) DEFAULT '0' COMMENT '用户状态',
  PRIMARY KEY (`id`),
  UNIQUE KEY `username` (`username`),
  UNIQUE KEY `email` (`email`),
  KEY `status` (`status`)
) ENGINE=MyISAM AUTO_INCREMENT=4 DEFAULT CHARSET=utf8 COMMENT='用户表';

-- ----------------------------
-- Records of xcx_ucenter_member
-- ----------------------------
INSERT INTO `xcx_ucenter_member` VALUES ('1', 'Marvin', '89251d1e7c83b432f960eb0e822eb414', '1589946526@qq.com', '', '1524813406', '1018200150', '1531210990', '1942389033', '1524813406', '1');
INSERT INTO `xcx_ucenter_member` VALUES ('2', 'wahaha', 'e4b131d0cd3d1ab53dc13d3e6092ab70', 'm17678328512@163.com', '', '1524912159', '1942541639', '1524912583', '1942541639', '1524912159', '1');
INSERT INTO `xcx_ucenter_member` VALUES ('3', 'Marvin1', '6680be2f004ef71d3238bf72b68816be', 'nipc@ifubonn.com', '', '1524971683', '1879768204', '1528084933', '2004592558', '1524971683', '1');

-- ----------------------------
-- Table structure for xcx_ucenter_setting
-- ----------------------------
DROP TABLE IF EXISTS `xcx_ucenter_setting`;
CREATE TABLE `xcx_ucenter_setting` (
  `id` int(10) unsigned NOT NULL AUTO_INCREMENT COMMENT '设置ID',
  `type` tinyint(3) unsigned NOT NULL DEFAULT '0' COMMENT '配置类型（1-用户配置）',
  `value` text NOT NULL COMMENT '配置数据',
  PRIMARY KEY (`id`)
) ENGINE=MyISAM DEFAULT CHARSET=utf8 COMMENT='设置表';

-- ----------------------------
-- Records of xcx_ucenter_setting
-- ----------------------------

-- ----------------------------
-- Table structure for xcx_url
-- ----------------------------
DROP TABLE IF EXISTS `xcx_url`;
CREATE TABLE `xcx_url` (
  `id` int(11) unsigned NOT NULL AUTO_INCREMENT COMMENT '链接唯一标识',
  `url` char(255) NOT NULL DEFAULT '' COMMENT '链接地址',
  `short` char(100) NOT NULL DEFAULT '' COMMENT '短网址',
  `status` tinyint(2) NOT NULL DEFAULT '2' COMMENT '状态',
  `create_time` int(10) unsigned NOT NULL DEFAULT '0' COMMENT '创建时间',
  PRIMARY KEY (`id`),
  UNIQUE KEY `idx_url` (`url`)
) ENGINE=MyISAM DEFAULT CHARSET=utf8 COMMENT='链接表';

-- ----------------------------
-- Records of xcx_url
-- ----------------------------

-- ----------------------------
-- Table structure for xcx_user
-- ----------------------------
DROP TABLE IF EXISTS `xcx_user`;
CREATE TABLE `xcx_user` (
  `uid` int(10) unsigned NOT NULL AUTO_INCREMENT,
  `avatarurl` varchar(1000) NOT NULL DEFAULT '' COMMENT '存储用户头像',
  `city` varchar(255) NOT NULL DEFAULT '' COMMENT '城市',
  `gender` tinyint(1) NOT NULL DEFAULT '0' COMMENT '用户性别0：女；1男；',
  `nickname` varchar(255) NOT NULL DEFAULT '' COMMENT '昵称',
  `openid` varchar(255) NOT NULL DEFAULT '' COMMENT '用户的openid',
  `province` varchar(255) NOT NULL DEFAULT '' COMMENT '省',
  `unionid` varchar(255) NOT NULL DEFAULT '' COMMENT '联合ID号',
  `create_time` varchar(11) NOT NULL DEFAULT '',
  `update_time` varchar(11) NOT NULL DEFAULT '',
  `wxopenid` varchar(255) NOT NULL DEFAULT '' COMMENT '用户在微信公众号的id',
  PRIMARY KEY (`uid`)
) ENGINE=MyISAM AUTO_INCREMENT=95 DEFAULT CHARSET=utf8;

-- ----------------------------
-- Records of xcx_user
-- ----------------------------
INSERT INTO `xcx_user` VALUES ('52', 'https://wx.qlogo.cn/mmopen/vi_32/ON1ia3q8kib5f66m8ibqhGT4iaTNIXaU5s1YE2PwM5fsjxbQ8ySBrhwVjpQ5rMdZAwaZSR2piaDKNZCcmOccFlfHA6w/132', 'Bozhou', '1', '雨后桥前', 'ov7C35Yn5JV6h-XJAmco7v4E-_pk', 'Anhui', 'oujWavxdQEx44mv551oDCrFvvzuk', '1530946687', '', 'og1D2w7S-YhPQj0QO6Kw4gCBWwjY');
INSERT INTO `xcx_user` VALUES ('36', 'https://wx.qlogo.cn/mmopen/vi_32/5AricnI6TcZudeG5zuPHicwfSt9mYVhHicb8DMajMJhQVqcatgicJIQBica71FCicnHVv3bHxGic8o94jgPor6icpZvj2w/0', '', '0', '古代稀', 'ov7C35V8FzG2GwLVdELdRAJLJGdU', '', 'oujWavxZoidyruT8cztK5Edj05Jk', '1523587096', '', '');
INSERT INTO `xcx_user` VALUES ('37', 'https://wx.qlogo.cn/mmopen/vi_32/rHQLqLYNRXuVd3JhKyFvGIIB1BQr7mr7CRQFicIrr2icbibrC9YagCMibtwROHt2ZuibJDZGwAFLPyWNwfpJ8lS1moA/0', 'Shenzhen', '2', '小王子@佳', 'ov7C35VvY1UdizKARoKIwnuq7k_4', 'Guangdong', 'oujWav73p0FMR_kCFgk4xE4fJ2v4', '1523587176', '', '');
INSERT INTO `xcx_user` VALUES ('38', 'https://wx.qlogo.cn/mmopen/vi_32/CEWufvUZXsWapQkpfAjm6vOMsFwMKvMk8YNVTGdicwDJjSUHicgzqVgmMibbeP0BrwJIZZibUY202IrsGR4K5AyQVw/0', 'Shenzhen', '1', '周元毕', 'ov7C35QS--H8iMZ4mfCYki2PQ9is', 'Guangdong', 'oujWav_56qo0MrhyUlE8T3nn1f6Q', '1523587303', '', '');
INSERT INTO `xcx_user` VALUES ('39', 'https://wx.qlogo.cn/mmopen/vi_32/ntz6HpE13xtFREMMJkw4XQbcia9QNDl03WZtRXIibGutogvUyjticncicAr0FgzDhM8GNmichmIswWLPwR8GEdHakSA/0', 'Sanmenxia', '1', '十个太阳', 'ov7C35R0Ib-bSO30UQphpceLL1HA', 'Henan', 'oujWav9TNDvX1qIyEZWBkniCR7hU', '1523606874', '', 'og1D2w5pg9Bm5Cc-My1JTOOtJu7U');
INSERT INTO `xcx_user` VALUES ('40', 'https://wx.qlogo.cn/mmopen/vi_32/SSRGyT82Vjc3xL13rkb1M6NenMzqYZkjTclhWodXWW0lfxLDX2Eg6j5zX8WY3o5yxzUF0QvbJ0NJaO8Xz4Kc9w/0', 'Shenzhen', '1', 'Marvin', 'ov7C35Tqgd30kqHIEnmkrv5sAPGc', 'Guangdong', 'oujWav4MB6kq4w380slBmazJ4dkY', '1523695003', '', 'og1D2w80LuFRz_dAl2DsoSbTzZn0');
INSERT INTO `xcx_user` VALUES ('57', 'https://wx.qlogo.cn/mmopen/vi_32/12kzI6xFn3AhavzhIrZ94fV6U0FHMUYzdcmSRRrhjo2uJO176o6IIaybxakmhvLP8uUUTRygISqUhIPUiaxkCCw/132', '', '0', '雨后桥前2号', 'ov7C35VSe81AtY5G4_467ksdigAA', '', 'oujWav8sMeE6p2rSNgHikNbsh9To', '1528875551', '', '');
INSERT INTO `xcx_user` VALUES ('48', 'https://wx.qlogo.cn/mmopen/vi_32/HjtuGCtLbseYibDBQj01S4b4hemejeOAuL72H4523xwgefbI10MJftNt88sCkZPEZeuqon8hTxEXbSlEzus3xhQ/0', 'Shenzhen', '1', '李悦宁', 'ov7C35ftQa4Vd-wnQnl5cpl2sL70', 'Guangdong', 'oujWav2ojedpBCjpIdi25V6LAhUs', '1524123747', '', 'og1D2w0CS7r98xyMvUcsoNK4WTmk');
INSERT INTO `xcx_user` VALUES ('49', 'https://wx.qlogo.cn/mmopen/vi_32/b2hnFEwGktYbeTgbHp8zJBFtmGtFKIJmJBKVhHschtHpFF65OzibbJzWaHgotMlStKxOSGAaNOIdr5fBYKjichwg/0', '', '0', '罗旭荣', 'ov7C35c1yKmD-AujZfc2jRfb4kqo', '', 'oujWav_GQFOYr1lAW8ZegIH88dMA', '1524131720', '', 'og1D2w84PtAsMtandUUmrDw2CssI');
INSERT INTO `xcx_user` VALUES ('45', 'https://wx.qlogo.cn/mmopen/vi_32/Q0j4TwGTfTJ5nKRcTbnl3Lf2jnprgxgxhfMOSCFko1ibSXCDnYpSVRzO50nIEuggqaHR33eHLYRBL90zwfZEfAQ/132', 'Quanzhou', '1', '188.', 'ov7C35f13xefqK3ysXUA_WgIc0Dw', 'Fujian', 'oujWav09Stcn37dunQVqvSbXW8RM', '1529415436', '', 'og1D2w80ZMgi4EYgNn7uoTgK3_ik');
INSERT INTO `xcx_user` VALUES ('50', 'https://wx.qlogo.cn/mmopen/vi_32/QmxxZ7XS3jO84OTr4gKczWKenjScmB3doymRrCVciaLgcKenvPBl6lSlDuUj6Hmnq4WVt7ic0IJibOayLmhRo0p4g/0', 'Shenzhen', '1', '马文 尤智全球', 'ov7C35XQsYWP81imTgtm9Ia5uecQ', 'Guangdong', 'oujWav76ss0f3cqVaTed9BDUlJ2A', '1524202984', '', 'og1D2w11SBLVhYO4_ahHZVxQ5WsE');
INSERT INTO `xcx_user` VALUES ('53', 'https://wx.qlogo.cn/mmopen/vi_32/Q0j4TwGTfTI7y20jxxAnsaKOm55VZ5awKWkL4H7pBXZtdKTdicWPjzE7gEicqQGqlP6RRzt6ic1LMD7Ebnkasvs9A/0', 'Guangzhou', '1', 'handey', 'ov7C35QWVhlLsvDNMFHXQUkyZYZU', 'Guangdong', 'oujWav9EKEhclEvUNRi2e43_Ihfs', '1524457527', '', 'og1D2w0qSDNu2BxNvll4BqcRT3Rw');
INSERT INTO `xcx_user` VALUES ('56', '', '', '0', 'rdgztest_VKFULO', 'ov7C35WglbniOBIx5mtJ5VwNU7_I', '', 'oujWav02_Tyhu2VPzR1pP74pQsPw', '1524657294', '', '');
INSERT INTO `xcx_user` VALUES ('55', 'https://wx.qlogo.cn/mmopen/vi_32/8cMCv08SgicnvwQhacT4USAxLicqYrDhc5qq8UVxIdpbVQk9Wb9taON7UYyqibJTAxP6OG7DTqVCNRtaW5hFZmC4Q/0', 'Hangzhou', '2', 'handey', 'ov7C35SYCkW-OenfBGkNocCV9Wb4', 'Zhejiang', 'oujWav7wfC-28kcTaCmqTuAJ6Tr4', '1524557798', '', 'og1D2w5oCDjpg4MOv-M3hn-Gfvtw');
INSERT INTO `xcx_user` VALUES ('58', '', '', '0', 'rdgztest_ORRQIP', 'ov7C35feXVQ86D0s5z8QmtFXYBFo', '', 'oujWav_Z9VoVe6nUSOeWX-nkHOJA', '1524872133', '', '');
INSERT INTO `xcx_user` VALUES ('59', '', '', '0', 'rdgztest_KLDUVI', 'ov7C35QST2xJo8iOjXSsAEV2AjhI', '', 'oujWav_roCFsInjhx9cRpqC78zzI', '1524872812', '', '');
INSERT INTO `xcx_user` VALUES ('60', '', '', '0', 'rdgztest_BLSVGG', 'ov7C35U3geRcuDtGbRZ87BlyPxIE', '', 'oujWav5HTM1NFl4wvF5Ny3rIH2DU', '1524889555', '', '');
INSERT INTO `xcx_user` VALUES ('61', 'https://wx.qlogo.cn/mmopen/vi_32/MjQgk3OwvQibTbh06WTTkqJW2ARELdnY8O74Jj3nDJ4WFujrV4JHorCouR6y7726tl22ia3ibcKBRjo2ryX4BricibA/0', 'Shenzhen', '2', 'Ivy', 'ov7C35V0ScefZ0rv2LxehEHkCo9o', 'Guangdong', 'oujWavwIAnG-dsjtmK9erg83VQqE', '1524970054', '', '');
INSERT INTO `xcx_user` VALUES ('62', 'https://wx.qlogo.cn/mmopen/vi_32/v0ISZWeWN1UN2opZStKPhcVkMhPn1tWTq1RibUgHTbu85Dg7fhicibFVY6CRtFRDMsAe1yRLGppJJjbXUErxKxWUw/0', 'Luzhou', '1', '杜仲', 'ov7C35ZvaWb5nfPT180yvbuLhuys', 'Sichuan', 'oujWav00qdhZLlFtYDd_6xMCNvzE', '1524970131', '', '');
INSERT INTO `xcx_user` VALUES ('63', 'https://wx.qlogo.cn/mmopen/vi_32/Q0j4TwGTfTLicwhaSVJxBVS2iaZl3kmjFZiaWOty71gQMHpssIREb8IDlqwFk3bylAyDUtykeBaRydQrVv9zr313g/0', 'Shenzhen', '1', '朱新华', 'ov7C35TtXmzegktQ5us9_VXsuKtU', 'Guangdong', 'oujWavzfPI7zw6fzcHaYCNyUi0hc', '1524970254', '', '');
INSERT INTO `xcx_user` VALUES ('64', 'https://wx.qlogo.cn/mmopen/vi_32/Q0j4TwGTfTIiaKe5ibIE8I2xYhqzTSVO5RsjvwgBiaicGMLMDibskSPWUE3f53R5ZHEWzPJKzBUyVYiccMg7ibiczeZjnQ/0', 'Shenzhen', '2', 'Jolie', 'ov7C35VzmTZ_nkuFypjcwlBJAkOc', 'Guangdong', 'oujWav8ZFyOXVuvReXdFTZzlOye0', '1524971214', '', 'og1D2w53k6k861lqR4xmoEOGhgUY');
INSERT INTO `xcx_user` VALUES ('65', 'https://wx.qlogo.cn/mmopen/vi_32/Ob4OhIyco10IeuYNAFP2qJ3ibtn8GGKgbHzDMHH0z6nng3lqkf2ACKqW1yic313u9Vs7UsujPXtGvcGIbqoXIFwA/132', 'Shenzhen', '1', '黄国文', 'ov7C35V0Z_nKgjD7dDfwArUVNOb0', 'Guangdong', 'oujWavxp_TxSsZ_6Ot6hftpVQrts', '1529046831', '', 'og1D2w1R4pQHd56qY9k0WLnNBdLE');
INSERT INTO `xcx_user` VALUES ('66', 'https://wx.qlogo.cn/mmopen/vi_32/xAFDOQfgH8oOrRDGI3LNom3dqktgEJkFD6DHUqbXDMhHS6lE1xJrOUR5LCo0d5DsicibbYq3noq0NGrvbOv9aD5A/132', 'Chengdu', '1', 'shallwetalk', 'ov7C35WUnCiiCzVtAnsMLaS4fucg', 'Sichuan', 'oujWav5TU4QxxBXUxOKhgpCGvLxA', '1529910167', '', '');
INSERT INTO `xcx_user` VALUES ('67', 'https://wx.qlogo.cn/mmopen/vi_32/Q0j4TwGTfTJ762O6MCHynrBbop5hXQBEyuUP93fMVbPEg4KRwILrzZHeExcplOLJeIQrXee88nlse4iccQSwYrw/0', '', '1', '逻司', 'ov7C35axrmwSyYFRwZ2Lq7bPQd_8', 'Shanghai', 'oujWav5nCPhlsCEAgwxerSL_oJ0I', '1525164438', '', '');
INSERT INTO `xcx_user` VALUES ('68', 'https://wx.qlogo.cn/mmopen/vi_32/lA72KedVvxKntttI72oF6O9RdzuHrQuDYUdPoNic3qx4BMTkeJwJJOFP5b6N46DjmbicibPzTQatBQmDngKwcpRSA/0', 'Shenzhen', '1', 'Bruce  Lee', 'ov7C35dq6TSMrWi9K8Ce4L7H9R3k', 'Guangdong', 'oujWav_Z51iW2BmYDWhsdaDmmC4Y', '1525230773', '', '');
INSERT INTO `xcx_user` VALUES ('69', 'https://wx.qlogo.cn/mmopen/vi_32/IZHVN75uZwq09z4N1C1RXmYdibHHbd8BmDpR4lcSI8aCSamicxOWh6Bg7aqspNZa6icZiaa0Ajlgc58UQvU3iayicWew/0', 'Shenzhen', '1', '朴生活', 'ov7C35Rt27lns9yBosB1NoejgivY', 'Guangdong', 'oujWav_zQ_-LNzHLOyW-BQW1rpPI', '1525242865', '', '');
INSERT INTO `xcx_user` VALUES ('70', 'https://wx.qlogo.cn/mmopen/vi_32/Q0j4TwGTfTLvnxMvCDTzSocicCzR6IkvM9bqAYiao5IBBEocXRuGfPpIG84MdfIYg5JCy5QubvBvpiaXbVTFp6vuw/0', 'Suzhou', '1', 'JET', 'ov7C35XK7SxdKTN4TS2mNk14zpzE', 'Jiangsu', 'oujWavwxX969BXp3G3tjgLpTuS3o', '1525247125', '', '');
INSERT INTO `xcx_user` VALUES ('71', '', '', '0', 'rdgztest_LHZRQE', 'ov7C35XWOQBF7ujCCW7ciCyeIkls', '', 'oujWavwvWbdVX_IXB5NpqFQlvchI', '1525254794', '', '');
INSERT INTO `xcx_user` VALUES ('72', '', '', '0', 'rdgztest_VZBNDA', 'ov7C35UyP-QU-cOByqfh-iu-eytw', '', 'oujWav-Tirafdc-LuXZBygwyJexI', '1525254804', '', '');
INSERT INTO `xcx_user` VALUES ('73', '', '', '0', 'rdgztest_YREQDB', 'ov7C35S1YayJyPP6N3urSseFUt2M', '', 'oujWav6Z3hSBuAdZWyCrZ7bHaB54', '1525254822', '', '');
INSERT INTO `xcx_user` VALUES ('74', 'https://wx.qlogo.cn/mmopen/vi_32/Om7ltKkaUlWiaRWPynvNAaUGMIXfQqLqNok1PgmSPiatmR4hJiba3hlafqTG9GH8N4nebMNwZekibpeXYhibaMOXevA/0', 'Shenzhen', '1', '林 yu kran', 'ov7C35cbCyLa1I-YtXTBoEh3F-Rs', 'Guangdong', 'oujWav_zWJ-u8FuTJDOLALjry98s', '1525256405', '', '');
INSERT INTO `xcx_user` VALUES ('75', 'https://wx.qlogo.cn/mmopen/vi_32/XUuyuwcMvNj0gCKtYVGdwXlWXXMS5NUASwqwds3ayGbhoHqib6hvzTW5NYz5qiaWwSQooxy10wicgA5iaJVC2JungQ/132', 'Dongguan', '1', 'SamXu', 'ov7C35XZMtkw0QYozQ0XAH5fy5u0', 'Guangdong', 'oujWavwI1A1d7gJXHXHcTWg4jpgE', '1529801586', '', '');
INSERT INTO `xcx_user` VALUES ('76', 'https://wx.qlogo.cn/mmopen/vi_32/AlkRGax0r8aO327C2PTbbQpsL7yTNmNSfibUXwot7NAxGzZZkCF3swRf13EUicIiag5xVtpY5bnAe8I8FMUENakIw/0', 'Chengdu', '1', '李某人', 'ov7C35c2no4ZYx0dy0kvlP4r6SfY', 'Sichuan', 'oujWavxBlCCiU-dpV6hU5UR0cR8o', '1525261555', '', '');
INSERT INTO `xcx_user` VALUES ('77', 'https://wx.qlogo.cn/mmopen/vi_32/tjtIkW1mWxGPKJpogYjibbdfBh1hRDnPIdjPTCFy3OfHibtlQ8ZxHHspwvCL4FBQRfUmRbL3r9ZyDV2CQjwaPQew/0', 'Shenzhen', '2', '年轻活出样，古晓梅', 'ov7C35ZG9Dr_tHuq0CipHkthG5GU', 'Guangdong', 'oujWav4H_tnY0txiT-3tCCaj_9M4', '1525262194', '', '');
INSERT INTO `xcx_user` VALUES ('78', 'https://wx.qlogo.cn/mmopen/vi_32/88ga8BK0ahZql63icC9a61P7ukg05jm8rEtjyZMkOfq7iaH6RStRmGIXH6YC80orxicRBexSPOYcevcC0VEFD0SRw/0', 'Shenzhen', '2', '甘甘 ', 'ov7C35TlPM5j6fhW6jvxfT0emma4', 'Guangdong', 'oujWav5x_6qNk5txtX5gKSb0lJJ8', '1525262241', '', '');
INSERT INTO `xcx_user` VALUES ('79', 'https://wx.qlogo.cn/mmopen/vi_32/ymj2Grr595JJdkkPNLghW6IZl3SQG4ZcTqDicIJmicv2kicW4zV79MmvHYtjEciaqbuHaI8ZW3eBhR3fZ0wf3s1Lmw/0', 'Shenzhen', '1', '铁汉一方+温庚金', 'ov7C35WxccZaOXp1vKNPDSnzDLUA', 'Guangdong', 'oujWav5ygVhDIMNROhz4gL_ZGeHY', '1525262782', '', '');
INSERT INTO `xcx_user` VALUES ('80', 'https://wx.qlogo.cn/mmopen/vi_32/JMm7dZe8XXXqzmgsJYAbxprcX4icE6GLyzfe1Hic8TqJrSq72ibc2kDSJtqs0nXWf5nackdQ4zp7w2R5wJibkJBXlg/0', 'Shenzhen', '2', '何晓清', 'ov7C35WmHpAvGAaZQLsawWRZeghM', 'Guangdong', 'oujWav-68Lex5L5fW6wfiMQxvzX8', '1525267054', '', '');
INSERT INTO `xcx_user` VALUES ('81', '', '', '0', 'rdgztest_JEDPLJ', 'ov7C35cbSJz_hjeXFgdlna51BNwc', '', 'oujWavwMEyem0rwm5dzv724qYsOA', '1525270597', '', '');
INSERT INTO `xcx_user` VALUES ('82', 'https://wx.qlogo.cn/mmopen/vi_32/xexq4ERdRs9leLDtBiaVshicDV7htW0lW9QmibfPttCKKMFOwsRjWt0fs2ULxMOH2KicUp2kmzC5z1zqxYbc13JUtw/132', 'Jieyang', '2', '恰似寒光遇骄阳', 'ov7C35e4sQDgJH1FJNFVaAXvk_u4', 'Guangdong', 'oujWav0OaBN1n6eVvHDMJwAj7WAo', '1525938782', '', '');
INSERT INTO `xcx_user` VALUES ('83', 'https://wx.qlogo.cn/mmopen/vi_32/Q0j4TwGTfTIsklQDgicIL5ElStWkhosb2XD9ib8MEJ8gQ5daKms4bicibRKQibuefrBFDc7NJrCPibLycicJxFUT4OllA/132', '', '0', '风猫', 'ov7C35QbG2Rk-SaOC6ImET-6ZhC8', '', 'oujWavxm-eQZMi7Qy70mbk4V3ktw', '1525952448', '', '');
INSERT INTO `xcx_user` VALUES ('84', 'https://wx.qlogo.cn/mmopen/vi_32/Xjv2LGvkcys24My9nJcmeyf5xfP1ZOxB4dZqhyZrQ1OEy1JexTvNAEJL173icYZrEhIJaHlicI0qK3zL1jn9MMSQ/132', 'Shenzhen', '1', '卜卜脆', 'ov7C35SpTnLzuWrB_G1uJGcantPA', 'Guangdong', 'oujWav3n292UhG0yaJf75A2Ovkn0', '1526363336', '', '');
INSERT INTO `xcx_user` VALUES ('85', 'https://wx.qlogo.cn/mmopen/vi_32/LcMafOZ7XeC044vHxaFTkbPN3DxlDFhFgqmfk7YrxZVfjbibRgAJzLkUPicHyPIvwYic9QMOgVztrhRaVj6Hq1eIw/132', 'Foshan', '1', '。。。', 'ov7C35Xk0aSTkia8fDNM94m5DwUQ', 'Guangdong', 'oujWav--9UyRDzX-Oe1_sd94jlrQ', '1531194655', '', '');
INSERT INTO `xcx_user` VALUES ('86', 'https://wx.qlogo.cn/mmopen/vi_32/ebUZWm7Jicr1H61yTolr1DYb3qU7jyESUl7dKUqr1aEIOicesb3IIRoE4yK0OY4aPGyvRTbvl5ibPgtGBg6QIk3qw/132', 'Foshan', '1', '陈氏肥帅', 'ov7C35fuaefv8WBQyD_vSPFwhKro', 'Guangdong', 'oujWav-ocDM4eVmU58xSPxOS0BFc', '1531210347', '', '');
INSERT INTO `xcx_user` VALUES ('87', 'https://wx.qlogo.cn/mmopen/vi_32/Ihzdk6Q8mAxkuFaG515M8r1n49a1JeNLApnC7lxyo51D6KicX2e0Fr60NNiaLOibicdlyiaArGNZQ1AmUQXmBABaGaw/132', 'Hengyang', '1', '张金亮[冠捷国际]', 'ov7C35asibSuNPdwRcrB5MlEni_4', 'Hunan', 'oujWavyKS4AI5MHggyr7L0CdEtH8', '1527422052', '', '');
INSERT INTO `xcx_user` VALUES ('88', 'https://wx.qlogo.cn/mmopen/vi_32/Q0j4TwGTfTLbdlG9RjJcYlw0QibqTlKcvicQjRZNQ3bbobQ7cZBYN1Q6UM5Bc1Vqvqle36dXLRc9vAlOrGibRqodQ/132', 'Hangzhou', '1', 'Zhou.W.B', 'ov7C35dLYVdR2HjS_Ek8Jip88msA', 'Zhejiang', 'oujWav91QnMB5qxBKGQnFuEDgEd8', '1530805101', '', '');
INSERT INTO `xcx_user` VALUES ('89', 'https://wx.qlogo.cn/mmopen/vi_32/tWlx21JemyP3ylqPO941nSwkibHItwZTmuYRZ1xWBacO6eLxdaR2mHnp9J4xnmicSX85sOGkCJNGdvyPIBEnD9ng/132', 'Zhaoqing', '1', 'David', 'ov7C35erQQyu_vshYmdzovLyuI5E', 'Guangdong', 'oujWav5g5d70lyeS3CB4j6kiGOx8', '1527732393', '', '');
INSERT INTO `xcx_user` VALUES ('90', 'https://wx.qlogo.cn/mmopen/vi_32/DYAIOgq83eoXJtQN1S4gdUKicK9TFZjtibLWARkusfR8qv8s8WDta7hP6lz7Y3fZqnFJj5orM99VAT8y4NgZ6FSA/132', 'Zhanjiang', '1', '钻', 'ov7C35fjvgDTwrL32JrVCyX4egko', 'Guangdong', 'oujWav60d2feBXQmXxa7sOyLgUlg', '1527853415', '', '');
INSERT INTO `xcx_user` VALUES ('91', 'https://wx.qlogo.cn/mmopen/vi_32/mnrI5Hicbe5SwrzNZofAibJWqzUsU3U68NEAE7GHH0EuHqqYevljKFelgepECVSXGNmia7F4iafsGVEr35IlwuHqmw/132', '', '2', '莣芯々', 'ov7C35c-PuDWqfSOhu5pkWUYboSg', 'Donegal', 'oujWav__5zuvsp27LpZeR1OOlj7g', '1527942177', '', '');
INSERT INTO `xcx_user` VALUES ('92', 'https://wx.qlogo.cn/mmopen/vi_32/Q0j4TwGTfTKjorJ7icN3tAS9Kb1X5SqIpPadNQrAk89P69GwCZ8ToaLe8moVE7gZQdGKyW11cPVSsX2V9baFzicw/132', '', '0', '风猫', 'ov7C35bKVtAQxuXHkbhymogjMxh0', '', 'oujWav7wF4XpYWE7wXQkf25zeTR4', '1529406038', '', '');
INSERT INTO `xcx_user` VALUES ('93', 'https://wx.qlogo.cn/mmopen/vi_32/QiamoCCZZ0IZufprbpIdEDh6vKeIibr57cZ31sdOMDaoAdmvsDkMHic6wB4uxlGDVdOQtv4miaGxbMEg0gIGBia1lHQ/132', '', '1', 'Fred （努力）', 'ov7C35UnW65pLfWzejJ0L2xJKy3M', '', 'oujWav5dgC0UwyqylqTANiAMms5s', '1529484555', '', '');
INSERT INTO `xcx_user` VALUES ('94', 'http://thirdwx.qlogo.cn/mmopen/eVrNn3EUewo2hgzsIQxuJiaZSad81t2y2mEDoR7cLcqHRFZ0FW6r4kLcicKF4ldQLpPCS4bHnDshNP2wuS4RqkYNt2H6ZQwa5Q/132', '', '0', 'a富', '', '', 'oujWav8OVyaKgISL9eFDNvIOee5A', '', '', 'og1D2wwreg-o_hnGS93SNuJhN8c4');

-- ----------------------------
-- Table structure for xcx_userdata
-- ----------------------------
DROP TABLE IF EXISTS `xcx_userdata`;
CREATE TABLE `xcx_userdata` (
  `uid` int(10) unsigned NOT NULL COMMENT '用户id',
  `type` tinyint(3) unsigned NOT NULL COMMENT '类型标识',
  `target_id` int(10) unsigned NOT NULL COMMENT '目标id',
  UNIQUE KEY `uid` (`uid`,`type`,`target_id`)
) ENGINE=MyISAM DEFAULT CHARSET=utf8;

-- ----------------------------
-- Records of xcx_userdata
-- ----------------------------
